姓名,性别,年龄,出生地,学历,公司名称,公司总部地,公司总部地_英文,所在行业,排名,排名变化,财富值_人民币/亿元,财富值变化
钟睒睒,先生,68,中国-浙江-绍兴,,养生堂,中国-浙江-杭州,China-Zhejiang,饮料、医疗保健,1,0,4550.0,17%
张一鸣,先生,39,中国-福建-龙岩,本科,字节跳动,中国-北京,China-Beijing,社交媒体,2,0,2450.0,-28%
曾毓群,先生,54,中国-福建-宁德,博士,宁德时代,中国-福建-宁德,China-Fujian,锂电池,3,0,2300.0,-28%
李嘉诚,先生,94,中国-香港,,长江实业,中国-香港,China-Hong Kong,投资,4,4,2200.0,2%
马化腾,先生,51,中国-海南,本科,腾讯,中国-广东-深圳,China-Guangdong,互联网服务,5,-1,2150.0,-32%
丁磊,先生,51,中国-浙江-宁波,本科,网易,中国-浙江-杭州,China-Zhejiang,互联网技术,6,8,1950.0,14%
何享健,先生,80,中国-广东-佛山, ,美的,中国-广东-佛山,China-Guangdong,家电制造、房地产,7,2,1900.0,-11%
秦英林,先生,57,中国-河南-南阳,本科,牧原,中国-河南-南阳,China-Henan,畜牧,8,7,1850.0,9%
马云,先生,58,中国-浙江-杭州,本科,阿里系,中国-浙江-杭州,China-Zhejiang,电子商务、金融科技,9,-4,1800.0,-29%
黄峥,先生,42,中国-浙江-杭州,硕士,拼多多,中国-上海-长宁,China-Shanghai,购物网站,10,-4,1700.0,-26%
陈建华,先生,51,中国-江苏-苏州,硕士,恒力,中国-江苏-苏州,China-Jiangsu,化纤、石化、房地产,11,1,1500.0,-16%
刘永行,先生,74,中国-四川-成都,博士,东方希望,中国-上海-浦东,China-Shanghai,氧化铝、重化工、饲料,11,17,1500.0,15%
吕向阳,先生,59,中国-安徽-芜湖, ,融捷,中国-广东-广州,China-Guangdong,投资,11,14,1500.0,10%
李兆基,先生,94,中国-广东-佛山,,恒基兆业,中国-香港,China-Hong Kong,房地产,14,1,1450.0,-15%
王传福,先生,56,中国-安徽-芜湖,本科,比亚迪,中国-广东-深圳,China-Guangdong,汽车、充电电池,14,6,1450.0,2%
王卫,先生,52,中国-上海, ,顺丰,中国-广东-深圳,China-Guangdong,快递,14,-4,1450.0,-25%
严昊,先生,36,中国-江苏-淮安,本科,太平洋建设,中国-新疆-乌鲁木齐,China-Xinjiang,基础建设,14,16,1450.0,16%
郑家纯,先生,74,中国-香港,,周大福,中国-香港,China-Hong Kong,房地产,18,0,1400.0,-10%
李蔡美灵,先生,未知,中国-香港,,李锦记,中国-香港,China-Hong Kong,调味品,19,14,1350.0,13%
李书福,先生,59,中国-浙江-台州,博士,吉利,中国-浙江-杭州,China-Zhejiang,汽车制造,19,-6,1350.0,-23%
庞康,先生,66,中国-广东-佛山,本科,海天味业,中国-广东-佛山,China-Guangdong,调味品,21,-4,1300.0,-18%
魏建军,先生,58,中国-河北-保定, ,长城,中国-河北-保定,China-Hebei,汽车制造,21,-14,1300.0,-40%
刘汉元,先生,58,中国-四川-眉山,,通威,中国-四川-成都,China-Sichuan,新能源、农业,23,7,1250.0,0%
吴光正,先生,76,中国-上海,,会德丰,中国-香港,China-Hong Kong,房地产,24,15,1200.0,9%
王兴,先生,43,中国-福建-龙岩,本科,美团,中国-北京,China-Beijing,生活服务,25,-6,1150.0,-21%
黄世霖,先生,55,中国-福建-宁德,本科,宁德时代,中国-福建-宁德,China-Fujian,锂电池,26,-2,1100.0,-20%
李西廷,先生,71,中国-安徽-宿州,本科,迈瑞,中国-广东-深圳,China-Guangdong,医疗器械,26,11,1100.0,-4%
王文银,先生,54,中国-安徽-安庆,本科,正威,中国-广东-深圳,China-Guangdong,有色金属贸易,26,10,1100.0,-5%
徐航,先生,60,中国-广东,本科,迈瑞、鹏瑞,中国-广东-深圳,China-Guangdong,医疗器械、房地产,26,9,1100.0,-7%
刘强东,先生,48,中国-江苏-宿迁,本科,京东,中国-北京,China-Beijing,电子商务、金融,30,-4,1050.0,-22%
严彬,先生,68,中国-山东-莱州, ,华彬,中国-北京,China-Beijing,饮料、地产,30,7,1050.0,-9%
吕志和,先生,93,中国-香港,,银河,中国-香港,China-Hong Kong,博彩,32,36,1000.0,33%
王健林,先生,68,中国-四川-绵阳,本科,万达,中国-北京,China-Beijing,房地产、文化,32,9,1000.0,-5%
宗庆后,先生,77,中国-江苏-宿迁, ,娃哈哈,中国-浙江-杭州,China-Zhejiang,饮料,32,1,1000.0,-17%
罗立国,先生,66,中国-浙江-宁波, ,合盛,中国-浙江-宁波,China-Zhejiang,硅材料,35,-14,980.0,-30%
陈邦,先生,57,中国-湖南-长沙,硕士,爱尔眼科,中国-湖南-长沙,China-Hunan,医疗服务,36,-10,950.0,-30%
刘永好,先生,71,中国-四川-成都, ,新希望,中国-四川-成都,China-Sichuan,农业、化工、金融,36,5,950.0,-10%
张刚,先生,41,中国-山东-聊城,硕士,信发铝电,中国-山东-聊城,China-Shandong,电解铝、氧化铝,36,36,950.0,32%
张志东,先生,50,中国-广东-东莞,硕士,腾讯,中国-广东-深圳,China-Guangdong,互联网服务,36,-7,950.0,-25%
刘銮雄,先生,71,中国-香港,,华人置业,中国-香港,China-Hong Kong,房地产,40,11,910.0,1%
林立,先生,59,中国-广东-河源,硕士,立业,中国-广东-深圳,China-Guangdong,投资,41,20,885.0,9%
陈东升,先生,65,中国-湖北-荆门,博士,泰康,中国-北京,China-Beijing,保险,42,4,825.0,-13%
蒋仁生,先生,69,中国-广西-桂林, ,智飞生物,中国-重庆,China-Chongqing,疫苗,43,-22,820.0,-41%
郑淑良,先生,76,中国-山东, ,魏桥创业,中国-山东-滨州,China-Shandong,铝业、纺织,43,0,820.0,-20%
赵长鹏,先生,45,,本科,币安,美国,USA,虚拟货币交易所,45,69,800.0,54%
李彦宏,先生,54,中国-山西-阳泉,硕士,百度,中国-北京,China-Beijing,网络信息服务,46,13,755.0,-10%
杜双华,先生,57,中国-河北-衡水, ,日照钢铁,中国-山东-日照,China-Shandong,钢铁,47,41,750.0,21%
雷军,先生,53,中国-湖北-仙桃,本科,小米,中国-北京,China-Beijing,智能硬件与技术、投资,47,-26,750.0,-46%
杨惠妍,女士,41,中国-广东-佛山,本科,碧桂园,中国-广东-佛山,China-Guangdong,房地产、教育,47,-36,750.0,-59%
王玉锁,先生,58,中国-河北-廊坊,硕士,新奥,中国-河北-廊坊,China-Hebei,天然气、能源化工,50,15,735.0,-6%
吴亚军,女士,58,中国-重庆,本科,龙湖,中国-北京,China-Beijing,房地产,50,-4,735.0,-23%
党彦宝,先生,49,,本科,宝丰,中国-宁夏-银川,China-Ningxia,煤化工,52,-7,730.0,-27%
李振国,先生,54,中国-甘肃-兰州,硕士,隆基,中国-陕西-西安,China-Shaanxi,硅材料,53,1,725.0,-18%
靳保芳,先生,70,中国-河北-邢台, ,晶澳科技,中国-河北-邢台,China-Hebei,光伏,54,52,710.0,29%
李水荣,先生,66,中国-浙江, ,荣盛控股,中国-浙江-杭州,China-Zhejiang,化纤,54,-11,710.0,-31%
梁稳根,先生,66,中国-湖南-娄底,本科,三一,中国-北京,China-Beijing,重型机械,56,26,700.0,4%
邝肖卿,女士,93,中国-香港,,新鸿基,中国-香港,China-Hong Kong,房地产,57,18,695.0,-1%
徐浩宇,先生,50,中国-江苏-泰州,,扬子江药业,中国-江苏-泰州,China-Jiangsu,医药,57,-2,695.0,-21%
其实,先生,52,中国-上海,博士,东方财富,中国-上海-徐汇,China-Shanghai,信息服务,59,-8,690.0,-23%
裴振华,先生,未知,,,天华超净,中国-江苏-苏州,China-Jiangsu,超净产品,60,-11,685.0,-26%
黄楚龙,先生,63,中国-广东-揭阳, ,星河,中国-广东-深圳,China-Guangdong,房地产、投资,61,32,650.0,10%
李华,先生,56,中国-四川,本科,卓越,中国-广东-深圳,China-Guangdong,房地产,61,13,650.0,-8%
朱保国,先生,60,中国-河南-新乡,硕士,健康元,中国-广东-深圳,China-Guangdong,医药,63,27,640.0,7%
龚虹嘉,先生,57,,本科,海康威视,中国-浙江-杭州,China-Zhejiang,视频监控产品,64,-13,615.0,-32%
李泽楷,先生,56,中国-香港,,电讯盈科,中国-香港,China-Hong Kong,电信,64,91,615.0,62%
汪俊林,先生,60,中国-四川-眉山,本科,郎酒,中国-四川-成都,China-Sichuan,房地产、白酒,64,61,615.0,28%
张勇,先生,51,中国-四川-成都, ,海底捞,中国-北京,China-Beijing,餐饮,67,-21,610.0,-36%
刘金成,先生,58,中国-湖北-武汉,硕士,亿纬锂能,中国-广东-惠州,China-Guangdong,锂电池,68,11,605.0,-13%
缪汉根,先生,57,中国-江苏-苏州, ,盛虹,中国-江苏-苏州,China-Jiangsu,印染、化纤、房地产,69,-6,595.0,-26%
于泳,先生,未知,, ,鸿商产业,中国-上海-浦东,China-Shanghai,钼矿,70,-1,590.0,-20%
姚良松,先生,58,中国-江西-景德镇,本科,欧派家居,中国-广东-广州,China-Guangdong,橱柜,71,20,585.0,-2%
张聪渊,先生,74,中国-台湾-桃园,,华利实业,中国-广东-中山,China-Guangdong,鞋业,71,-16,585.0,-34%
陈丽华,女士,81,中国-北京,博士,富华,中国-北京,China-Beijing,房地产、紫檀博物馆,73,22,580.0,0%
蒋卫平,先生,67,中国-四川-成都,本科,天齐,中国-四川-遂宁,China-Sichuan,锂矿,73,10,580.0,-12%
郭台铭,先生,72,中国-台湾-新北,,鸿海,中国-台湾-台北,China-Taiwan,电子制造,75,18,570.0,-3%
沈国军,先生,60,中国-浙江-宁波,硕士,银泰,中国-北京,China-Beijing,零售、房地产、物流,76,23,565.0,-2%
王来胜,先生,58,中国-广东-汕头, ,立讯精密,中国-广东-深圳,China-Guangdong,消费电子,76,29,565.0,2%
邬建树,先生,58,中国-浙江-宁波, ,拓普,中国-浙江-宁波,China-Zhejiang,汽车零部件制造,76,159,565.0,113%
王来春,女士,55,中国-广东-汕头, ,立讯精密,中国-广东-深圳,China-Guangdong,消费电子,79,31,560.0,5%
张和君,先生,70,,,德业股份,中国-浙江-宁波,China-Zhejiang,电器零部件制造,79,217,560.0,149%
高纪凡,先生,57,,,天合光能,中国-江苏-常州,China-Jiangsu,光伏产品,81,62,525.0,22%
孙飘扬,先生,64,中国-江苏-镇江,硕士,恒瑞,中国-江苏-连云港,China-Jiangsu,医药,82,-2,520.0,-23%
曹仁贤,先生,54,中国-浙江-杭州,硕士,阳光电源,中国-安徽-合肥,China-Anhui,光伏设备,83,1,510.0,-22%
李平,先生,54,,本科,宁德时代,中国-福建-宁德,China-Fujian,锂电池,83,3,510.0,-20%
林建华,先生,60,中国-福建,本科,福斯特,中国-浙江-杭州,China-Zhejiang,光伏材料,83,-26,510.0,-40%
钟慧娟,女士,61,, ,翰森,中国-江苏-连云港,China-Jiangsu,医药,83,-8,510.0,-27%
陈天桥,先生,49,中国-浙江-绍兴,本科,盛大,中国-上海-浦东,China-Shanghai,投资,87,30,500.0,0%
赖海民,先生,56,中国-广东-揭阳, ,鸿荣源,中国-广东-深圳,China-Guangdong,房地产,87,31,500.0,0%
汪立平,先生,56,中国-江苏-无锡, ,恒立液压,中国-江苏-常州,China-Jiangsu,高压油缸,87,-29,500.0,-41%
汪滔,先生,42,中国-浙江-杭州,本科,大疆,中国-广东-深圳,China-Guangdong,无人机,87,38,500.0,4%
许仰天,先生,38,中国-山东,,希音,中国-广东-广州,China-Guangdong,电商,87,62,500.0,25%
朱孟依,先生,63,中国-广东-梅州, ,合生创展,中国-广东-广州,China-Guangdong,房地产、投资,87,-14,500.0,-30%
赵燕,女士,55,,本科,华熙国际,中国-北京,China-Beijing,生物医药、房地产,93,11,495.0,-12%
蔡崇信,先生,58,中国-台湾,,阿里系,中国-浙江-杭州,China-Zhejiang,电子商务、金融科技,94,-7,490.0,-22%
杜纪川,先生,81,中国-重庆,,金士顿科技,美国-洛杉矶,Los Angeles,半导体,94,1,490.0,-16%
孙大卫,先生,71,中国-台湾-台北,,金士顿科技,美国-洛杉矶,Los Angeles,半导体,94,1,490.0,-16%
严昕,女士,39,中国-江苏-淮安,,苏商,中国-上海,China-Shanghai,基础设施建设,94,208,490.0,123%
孙寿宽,先生,73,中国-辽宁,本科,嘉晨,中国-辽宁-营口,China-Liaoning,钢铁、耐火材料、煤化工,98,39,480.0,7%
方威,先生,49,中国-辽宁-沈阳, ,方大,中国-北京,China-Beijing,碳素、钢铁、煤焦,99,17,460.0,-10%
简军,女士,59,中国-北京,,爱美客,中国-北京,China-Beijing,生物制药,99,42,460.0,5%
丁世忠,先生,52,中国-福建-泉州, ,安踏,中国-福建-厦门,China-Fujian,体育用品,101,-35,455.0,-41%
李革,先生,55,中国-北京, ,药明康德,中国-上海-浦东,China-Shanghai,医药,102,-27,450.0,-36%
李天颖,先生,未知,中国-香港,,新鸿基,中国-香港,China-Hong Kong,房地产,102,73,450.0,32%
鲁伟鼎,先生,51,中国-浙江-杭州, ,万向,中国-浙江-杭州,China-Zhejiang,汽车制造业、房地产、农业,102,20,450.0,-8%
程雪,女士,52,中国-江苏-盐城,本科,海天味业,中国-广东-佛山,China-Guangdong,调味品,105,5,440.0,-18%
丁世家,先生,58,中国-福建-泉州, ,安踏,中国-福建-厦门,China-Fujian,体育用品,105,-38,440.0,-42%
李晓明,先生,64,,硕士,恩捷股份,中国-云南-玉溪,China-Yunnan,包装盒生产,105,-34,440.0,-39%
王一鸣,先生,41,,,锦浪科技,中国-浙江-宁波,China-Zhejiang,光伏逆变器,105,122,440.0,60%
蔡奎,先生,61,中国-四川-资阳,本科,龙湖,中国-北京,China-Beijing,房地产,109,-3,435.0,-21%
阮洪良,先生,61,中国-浙江, ,福莱特,中国-浙江-嘉兴,China-Zhejiang,玻璃,110,-10,430.0,-25%
阮立平,先生,58,,,公牛,中国-浙江-宁波,China-Zhejiang,插座,110,24,430.0,-7%
阮学平,先生,50,,,公牛,中国-浙江-宁波,China-Zhejiang,插座,110,24,430.0,-7%
孙广信,先生,60,中国-新疆-乌鲁木齐,硕士,广汇,中国-新疆-乌鲁木齐,China-Xinjiang,汽车销售、能源、房地产,110,41,430.0,10%
项光达,先生,64,中国-浙江-温州, ,青山控股,中国-浙江-温州,China-Zhejiang,钢铁,114,121,425.0,60%
朱艳,先生,51,中国-陕西-渭南,,贝壳,中国-北京,China-Beijing,房地产服务,114,46,425.0,18%
赖梅松,先生,52,, ,中通,中国-上海-青浦,China-Shanghai,物流,116,28,420.0,-1%
虞仁荣,先生,56,,本科,韦尔股份,中国-上海-浦东,China-Shanghai,半导体,116,-53,420.0,-48%
沈文荣,先生,76,中国-江苏-苏州, ,沙钢,中国-江苏-苏州,China-Jiangsu,钢铁,118,53,415.0,20%
谢炳,先生,70,中国-广东-汕头, ,中生制药,中国-北京,China-Beijing,医药,118,-23,415.0,-28%
许世辉,先生,65,中国-福建-泉州, ,达利食品,中国-福建-泉州,China-Fujian,食品,118,21,415.0,-7%
蔡衍明,先生,65,中国-台湾-台北,,旺旺,中国-台湾-台北,China-Taiwan,食品,121,28,410.0,2%
周群飞,女士,52,中国-湖南-湘潭, ,蓝思科技,中国-湖南-长沙,China-Hunan,电子器件制造,122,-61,405.0,-50%
胡凯军,先生,60,, ,远大,中国-北京,China-Beijing,医药,123,42,400.0,14%
马建荣,先生,57,中国-浙江, ,申洲针织,中国-浙江-宁波,China-Zhejiang,纺织、服装,123,-63,400.0,-51%
米高·嘉道理,先生,81,中国-香港,,中电,中国-香港,China-Hong Kong,能源,123,24,400.0,-2%
郭广昌,先生,55,中国-浙江-金华,硕士,复星,中国-上海-黄浦,China-Shanghai,投资,126,-35,390.0,-34%
宋建波,先生,52,中国-山东-烟台,,南山,中国-山东-烟台,China-Shandong,铝业、纺织、房地产,126,39,390.0,11%
陈发树,先生,61,中国-福建-泉州, ,新华都,中国-福建-福州,China-Fujian,医药、零售、投资,128,-10,385.0,-23%
许荣茂,先生,72,中国-福建-泉州, ,世茂,中国-上海-黄浦,China-Shanghai,房地产,129,-89,380.0,-65%
张志祥,先生,55,中国-浙江-宁波,本科,建龙,中国-北京,China-Beijing,钢铁、矿业、船运,129,53,380.0,15%
刘益谦,先生,59,中国-上海, ,新理益,中国-上海-浦东,China-Shanghai,投资,131,33,370.0,4%
苏海文,先生,81,奥地利,,BW,中国-香港,China-Hong Kong,物流,131,51,370.0,12%
高德康,先生,70,中国-江苏-苏州, ,波司登,中国-江苏-苏州,China-Jiangsu,服装,133,-19,365.0,-30%
张茵,女士,65,中国-广东-韶关,本科,玖龙纸业,中国-广东-东莞,China-Guangdong,环保造纸,133,-4,365.0,-23%
黄如论,先生,71,中国-福建-福州, ,世纪金源,中国-北京,China-Beijing,房地产,135,40,355.0,4%
李贤义,先生,70,中国-福建-泉州, ,信义,中国-香港,China-Hong Kong,玻璃,135,-55,355.0,-47%
张国华,先生,67,中国-台湾-台北,,长荣集团,中国-台湾-台北,China-Taiwan,物流、钢铁,135,New,355.0,New
唐彬森,先生,40,中国-安徽-合肥,,元气森林,中国-北京,China-Beijing,饮料,138,27,350.0,0%
张雷,先生,46,中国-江苏-无锡,,远景能源,中国-江苏-无锡,China-Jiangsu,风电,138,New,350.0,New
邓伟明,先生,54,中国-湖南-长沙,,中伟股份,中国-湖南-长沙,China-Hunan,工业产品,140,-55,345.0,-47%
梁庆德,先生,85,中国-广东-佛山, ,格兰仕,中国-广东-佛山,China-Guangdong,家电,140,56,345.0,11%
薛敏,先生,未知,,,联影医疗,中国-上海-嘉定,China-Shanghai,医疗设备,140,662,345.0,283%
喻会蛟,先生,53,中国-浙江,,圆通速递,中国-上海-青浦,China-Shanghai,物流,140,198,345.0,73%
张道才,先生,72,中国-浙江-绍兴, ,三花控股,中国-浙江-绍兴,China-Zhejiang,工业设备、汽车零部件、房地产,140,72,345.0,17%
陈金霞,女士,54,中国-上海,硕士,涌金投资,中国-上海-浦东,China-Shanghai,医药、投资,145,6,340.0,-13%
陈志列,先生,59,中国-江苏-无锡,硕士,研祥,中国-广东-深圳,China-Guangdong,特种计算机,145,70,340.0,17%
姜滨,先生,56,中国-山东-威海,本科,歌尔股份,中国-山东-潍坊,China-Shandong,声学及多媒体产品,145,-27,340.0,-32%
李想,先生,41,,,理想汽车,中国-北京,China-Beijing,新能源汽车,145,6,340.0,-13%
聂腾云,先生,46,, ,韵达,中国-上海-青浦,China-Shanghai,物流,149,33,335.0,2%
张宏伟,先生,68,中国-黑龙江-哈尔滨,硕士,东方,中国-北京,China-Beijing,能源、零售,149,16,335.0,-4%
何小鹏,先生,45,中国-湖北-黄石,本科,小鹏汽车,中国-广东-广州,China-Guangdong,新能源汽车,151,-51,330.0,-42%
霍斯特·帕德威尔,先生,77,中国-香港,,创科实业,中国-香港,China-Hong Kong,消费品,151,-51,330.0,-42%
梁丰,先生,54,,硕士,璞泰来,中国-上海-浦东,China-Shanghai,锂电池材料,151,-33,330.0,-34%
徐金富,先生,58,中国-广东-广州,本科,天赐材料,中国-广东-广州,China-Guangdong,化学原料制品,151,-41,330.0,-38%
李春安,先生,54,中国-甘肃-兰州,硕士,隆基,中国-陕西-西安,China-Shaanxi,硅材料,155,27,325.0,-2%
李良彬,先生,55,中国-江西-宜春, ,赣锋锂业,中国-江西-新余,China-Jiangxi,有色金属冶炼加工,155,-47,325.0,-40%
李晓华,先生,60,中国-云南,,恩捷股份,中国-云南-玉溪,China-Yunnan,包装盒生产,155,-46,325.0,-40%
施永宏,先生,52,中国-四川-成都, ,海底捞,中国-北京,China-Beijing,餐饮,155,-30,325.0,-32%
郭炳联,先生,70,中国-香港,,新鸿基,中国-香港,China-Hong Kong,房地产,159,-34,320.0,-33%
郭基辉,先生,39,中国-香港,,新鸿基,中国-香港,China-Hong Kong,房地产,159,-27,320.0,-32%
涂辉龙,先生,63,中国-广东-汕尾,硕士,海雅,中国-广东-深圳,China-Guangdong,商业、金融、地产,159,33,320.0,0%
汪建,先生,68,中国-湖南, ,华大基因、碳云,中国-广东-深圳,China-Guangdong,基因检测、医疗大数据,159,43,320.0,7%
林张素娥,先生,未知,,,联邦,中国-台湾-台北,China-Taiwan,房地产、金融,163,49,315.0,7%
史玉柱,先生,60,中国-安徽-蚌阜,本科,巨人,中国-上海-松江,China-Shanghai,金融、在线游戏、投资,163,17,315.0,-6%
陈华,先生,56,中国-广东-湛江, ,京基,中国-广东-深圳,China-Guangdong,房地产、投资,165,37,310.0,3%
陈凯旋,先生,64,中国-广东-揭阳, ,立白,中国-广东-广州,China-Guangdong,日化用品,165,50,310.0,7%
王文京,先生,58,中国-江西-上饶,本科,用友,中国-北京,China-Beijing,软件与信息服务,165,-36,310.0,-35%
张峻,先生,未知,中国-广东-揭阳, ,富德,中国-广东-深圳,China-Guangdong,保险,165,6,310.0,-10%
李丐腾,先生,50,中国-浙江-温州,硕士,飞科电器,中国-上海-松江,China-Shanghai,小家电,169,251,305.0,79%
林木勤,先生,58,中国-广东-深圳,,东鹏饮料,中国-广东-深圳,China-Guangdong,食品饮料,169,-9,305.0,-15%
杨建良,先生,53,, ,上机数控,中国-江苏-无锡,China-Jiangsu,设备制造,169,-37,305.0,-35%
陈红天,先生,63,中国-广东-佛山,博士,祥祺,中国-广东-深圳,China-Guangdong,投资、房地产,172,-7,300.0,-14%
李义海,先生,59,中国-江西-南昌,本科,济民可信,中国-江西-南昌,China-Jiangxi,医药,172,43,300.0,3%
缪寿良,先生,67,中国-广东, ,富源,中国-广东-深圳,China-Guangdong,房地产、水电,172,10,300.0,-9%
沈南鹏,先生,55,中国-浙江-嘉兴,硕士,红杉,中国-北京,China-Beijing,投资,172,-13,300.0,-19%
夏佐全,先生,59,中国-湖北-襄阳,本科,比亚迪,中国-广东-深圳,China-Guangdong,汽车、充电电池,172,43,300.0,3%
许家印,先生,64,中国-河南-周口,硕士,恒大,中国-广东-广州,China-Guangdong,房地产、投资,172,-102,300.0,-59%
朱鼎健,先生,48,中国-香港,本科,观澜湖,中国-广东-深圳,China-Guangdong,房地产,172,30,300.0,0%
董建成,先生,79,中国-上海,,东方海外,中国-香港,China-Hong Kong,运输,179,23,290.0,-3%
李小冬,先生,44,,,冬海集团,新加坡,Singapore,网络游戏、电商,179,-149,290.0,-77%
林斌,先生,54,,硕士,小米,中国-北京,China-Beijing,智能硬件与技术,179,-69,290.0,-46%
钱东奇,先生,64,中国-江苏-南京,硕士,科沃斯,中国-江苏-苏州,China-Jiangsu,机器人,179,-79,290.0,-49%
谢青,先生,未知,中国-北京,硕士,飞塔,美国-旧金山,San Francisco,网路安全,179,17,290.0,-6%
尤小平,先生,64,中国-浙江-温州, ,华峰,中国-浙江-温州,China-Zhejiang,化工、铝业、投资,179,-40,290.0,-35%
赵涛,先生,56,中国-陕西-西安,硕士,步长,中国-北京,China-Beijing,医药,179,33,290.0,-2%
蔡宏图,先生,70,中国-台湾,,霖园,中国-台湾-台北,China-Taipei,金融服务,186,41,280.0,2%
辜林瑞慧,先生,89,中国-台湾-台北,,中信金控,中国-台湾-台北,China-Taiwan,金融服务,186,16,280.0,-7%
黄立,先生,59,中国-陕西-西安,硕士,高德电气,中国-湖北-武汉,China-Hubei,电子制造,186,-35,280.0,-28%
沈华,先生,59,,,斯达半导,中国-浙江-嘉兴,China-Zhejiang,半导体,186,61,280.0,10%
唐金奎,先生,67,中国-江苏-苏州, ,盛虹,中国-江苏-苏州,China-Jiangsu,印染、化纤、房地产,186,-57,280.0,-41%
张红超,先生,44,中国-河南-商丘,,蜜雪冰城,中国-河南-郑州,China-Henan,餐饮,186,937,280.0,331%
张红甫,先生,37,中国-河南-商丘,,蜜雪冰城,中国-河南-郑州,China-Henan,餐饮,186,937,280.0,331%
周建平,先生,61,中国-江苏-无锡, ,海澜,中国-江苏-无锡,China-Jiangsu,服装、投资,186,-21,280.0,-20%
朱共山,先生,64,中国-江苏-盐城,博士,协鑫,中国-香港,China-Hong Kong,太阳能芯片、发电厂,186,66,280.0,12%
黄毅,先生,59,,本科,中升控股,中国-辽宁-大连,China-Liaoning,汽车销售,195,-54,275.0,-38%
宿华,先生,40,中国-湖南,硕士,快手科技,中国-北京,China-Beijing,传媒娱乐,195,-40,275.0,-28%
蔡志明,先生,77,中国-广东-揭阳,,旭日国际,中国-香港,China-Hong Kong,玩具,197,55,270.0,8%
徐波,先生,45,,,多益网络,中国-广东-广州,China-Guangdong,网络游戏,197,34,270.0,0%
董经贵,先生,52,, ,雅迪,中国-江苏-无锡,China-Shanghai,电动车,199,103,265.0,20%
袁征,先生,52,中国-山东,硕士,zoom,美国-旧金山,San Francisco,视频软件,199,-149,265.0,-71%
张磊,先生,50,中国-河南-驻马店,硕士,高瓴资本,美国-纽约,New York,投资,199,-17,265.0,-20%
何超琼,女士,60,中国-香港,,信德、美高梅中国,中国-香港,China-Hong Kong,博彩,202,29,260.0,-4%
孙纪木,先生,66,中国-浙江-绍兴,硕士,新华联合冶金,中国-河北-沧州,China-Hebei,钢铁,202,1422,260.0,505%
许文龙,先生,94,中国-台湾,,奇美,中国-台湾-台南,China-Taiwan,化工,202,100,260.0,18%
薛华,先生,52,,本科,海大,中国-广东-广州,China-Guangdong,饲料,202,39,260.0,0%
张文中,先生,60,中国-山东,博士,物美,中国-北京,China-Beijing,零售,202,13,260.0,-10%
蔡政达,先生,未知,中国-台湾,,霖园,中国-台湾-台北,China-Taipei,金融服务,207,55,255.0,4%
李留法,先生,63,中国-河南-平顶山, ,天瑞,中国-河南-平顶山,China-Henan,水泥、铝业,207,213,255.0,50%
李卫国,先生,57,中国-湖南-常德,本科,东方雨虹,中国-北京,China-Beijing,防水材料,207,-32,255.0,-25%
谢华,先生,未知,中国-北京,硕士,飞塔,美国-旧金山,San Francisco,网路安全,207,14,255.0,-11%
朱林瑶,女士,52,中国-四川, ,华宝国际,中国-广东-深圳,China-Guangdong,香精香料、烟草,207,-85,255.0,-48%
安康,先生,73,中国-河南-新乡,本科,华兰生物,中国-河南-新乡,China-Henan,生物制药,212,19,250.0,-7%
陈大年,先生,44,中国-浙江-绍兴, ,wifi万能钥匙,中国-上海-浦东,China-Shanghai,上网平台,212,347,250.0,92%
杜江涛,先生,53,中国-内蒙古-乌海,本科,君正,中国-内蒙古-乌海,China-Inner Mongolia,能源化工,212,-37,250.0,-26%
郭梅兰,女士,未知,, ,东阳光,中国-广东-深圳,China-Guangdong,医药、电子新材料,212,120,250.0,22%
洪杰,先生,55,, ,三棵树,中国-福建-莆田,China-Fujian,涂料,212,-10,250.0,-17%
江南春,先生,49,中国-上海,本科,分众传媒,中国-上海-长宁,China-Shanghai,数字新媒体、投资,212,-13,250.0,-18%
冷友斌,先生,53,中国-黑龙江-黑河,,中国飞鹤,中国-北京,China-Beijing,乳业,212,-76,250.0,-45%
米恩华,先生,64,中国-山东-泰安, ,华凌工贸,中国-新疆-乌鲁木齐,China-Xinjiang,地产、畜牧,212,50,250.0,2%
徐旭东,先生,81,中国-上海,,远东,中国-台湾-新北,China-New Taipei,金融服务,212,168,250.0,35%
杨建文,先生,69,中国-香港,,伯恩光学,中国-香港,China-Hong Kong,工业产品,212,-67,250.0,-40%
罗秋平,先生,59,中国-湖北-荆门,,蓝月亮,中国-广东-广州,China-Guangdong,日化用品,222,40,245.0,0%
杨绍鹏,先生,66,中国-山东-青岛, ,海丰,中国-香港,China-Hong Kong,航运,222,-51,245.0,-29%
曹其峰,先生,76,中国-香港,,永新,中国-香港,China-Hong Kong,杂货,224,17,240.0,-8%
陈士斌,先生,56,中国-江苏-连云港, ,石英股份,中国-江苏-连云港,China-Jiangsu,石英制品,224,578,240.0,167%
陈志平,先生,46,,,思摩尔,中国-广东-深圳,China-Guangdong,电子烟,224,-135,240.0,-60%
冯海良,先生,62,中国-浙江, ,海亮,中国-浙江-绍兴,China-Zhejiang,铜加工、投资,224,-22,240.0,-20%
林百里,先生,73,中国-上海,,广达电脑,中国-台湾-桃园,China-Taiwan,消费电子,224,38,240.0,-2%
王燕清,先生,56,中国-江苏-无锡, ,先导智能,中国-江苏-无锡,China-Jiangsu,自动化设备,224,-42,240.0,-27%
叶澄海,先生,79,中国-广东-梅州,硕士,信立泰,中国-广东-深圳,China-Guangdong,医药,224,28,240.0,-4%
张虔生,先生,78,中国-台湾,,日月光,中国-台湾-高雄,China-Taiwan,工业品、房地产,224,-64,240.0,-33%
周泽荣,先生,68,中国-广东-汕头, ,侨鑫,中国-广东-广州,China-Guangdong,房地产、投资,224,59,240.0,4%
林秀成,先生,67,中国-福建-泉州, ,三安,中国-福建-厦门,China-Fujian,LED,233,-58,235.0,-31%
周晓萍,女士,61,中国-江苏-常州, ,星宇股份,中国-江苏-常州,China-Jiangsu,汽车灯具,233,-34,235.0,-23%
曾小山,先生,77,中国-湖南-邵东,,曾氏企业,中国-湖南-长沙,China-Hunan,铝业,235,-33,230.0,-23%
车建兴,先生,56,中国-江苏-常州, ,红星美凯龙,中国-上海-普陀,China-Shanghai,房地产,235,-88,230.0,-44%
钭正刚,先生,69,中国-浙江, ,锦江,中国-浙江-杭州,China-Zhejiang,能源、化工,235,27,230.0,-6%
黄炽恒,先生,未知,中国-广东, ,海伦堡,中国-广东-广州,China-Guangdong,房地产、投资,235,277,230.0,64%
廖龙星,先生,未知,中国-台湾,,长春,中国-台湾-台北,China-Taiwan,化工,235,48,230.0,0%
林书鸿,先生,94,中国-台湾,,长春,中国-台湾-台北,China-Taiwan,化工,235,48,230.0,0%
茅理翔,先生,81,中国-浙江-宁波, ,方太厨具,中国-浙江-宁波,China-Zhejiang,厨具,235,80,230.0,7%
吴以岭,先生,73,中国-河北-衡水,硕士,以岭,中国-河北-石家庄,China-Hebei,医药,235,128,230.0,21%
修涞贵,先生,67,中国-吉林,本科,修正药业,中国-吉林-长春,China-Jilin,医药,235,12,230.0,-10%
郑正,先生,未知,中国-台湾,,长春,中国-台湾-台北,China-Taiwan,化工,235,48,230.0,0%
曾芳勤,女士,57,, ,领益智造,中国-广东-深圳,China-Guangdong,消费电子精密件,245,-46,225.0,-26%
李力,先生,57,中国-湖南-长沙, ,爱尔眼科,中国-湖南-长沙,China-Hunan,医疗服务,245,-49,225.0,-27%
林鸿南,先生,55,中国-台湾,,宏泰,中国-台湾-台北,China-Taipei,投资,245,17,225.0,-8%
倪祖根,先生,65,中国-江苏-苏州,本科,莱克电气,中国-江苏-苏州,China-Jiangsu,小家电,245,76,225.0,7%
潘来灿,先生,未知,, ,海天味业,中国-广东-佛山,China-Guangdong,调味品,245,-14,225.0,-17%
谢良志,先生,56,,,神州,中国-北京,China-Beijing,生物制药,245,-54,225.0,-31%
蔡东晨,先生,69,中国-河北-石家庄,硕士,石药,中国-河北-石家庄,China-Hebei,医药,251,11,220.0,-10%
崔根良,先生,64,中国-江苏-苏州, ,亨通,中国-江苏-苏州,China-Jiangsu,电缆、热能电力、投资,251,112,220.0,16%
胡柏藩,先生,60,中国-浙江-绍兴,硕士,新和成,中国-浙江-绍兴,China-Zhejiang,医药,251,21,220.0,-8%
黄联禧,先生,59,中国-广东-佛山, ,联塑,中国-广东-佛山,China-Guangdong,建材家居,251,-24,220.0,-20%
黄文仔,先生,69,中国-广东-广州,硕士,星河湾,中国-广东-广州,China-Guangdong,房地产、投资,251,87,220.0,10%
李赶坡,先生,73,中国-河北, ,敬业,中国-河北-石家庄,China-Hebei,钢铁,251,156,220.0,26%
刘卫平,先生,43,中国-湖南-平江,,卫龙,中国-河南-漯河,China-Henan,食品,251,-28,220.0,-21%
穆荣均,先生,42,,硕士,美团,中国-北京,China-Beijing,生活服务,251,-16,220.0,-17%
吴向东,先生,52,中国-湖南-株洲, ,华泽,中国-北京,China-Beijing,酒业、投资,251,70,220.0,5%
张松桥,先生,58,中国-重庆,硕士,中渝,中国-香港,China-Hong Kong,房地产,251,70,220.0,5%
蔡镇宇,先生,69,中国-台湾-台北,,宝丰隆,中国-台湾-台北,China-Taiwan,金融,261,60,215.0,2%
曹德旺,先生,76,中国-福建-福州, ,福耀玻璃,中国-福建-福州,China-Fujian,玻璃,261,11,215.0,-10%
程一笑,先生,37,,,快手科技,中国-北京,China-Beijing,传媒娱乐,261,-59,215.0,-28%
董凡,先生,52,,硕士,健帆生物,中国-广东-珠海,China-Guangdong,生物医疗设备,261,54,215.0,0%
范现国,先生,62,中国-河北-邢台,,今麦郎,中国-河北-邢台,China-Heibei,速食,261,438,215.0,115%
解直锟,先生,61,中国-黑龙江,本科,中植,中国-北京,China-Beijing,投资,261,-20,215.0,-17%
王麒诚,先生,42,中国-浙江-杭州,本科,汉鼎宇佑,中国-浙江-杭州,China-Zhejiang,文化传媒、投资,261,77,215.0,8%
吴光明,先生,60,中国-江苏-镇江,硕士,鱼跃医疗,中国-江苏-镇江,China-Jiangsu,医疗设备,261,11,215.0,-10%
蔡浩宇,先生,35,,,米哈游,中国-上海,China-Shanghai,游戏,269,New,210.0,New
蔡明兴,先生,65,中国-台湾,,富邦,中国-台湾-台北,China-Taipei,金融服务,269,-98,210.0,-39%
陈雪华,先生,61,中国-浙江, ,华友钴业,中国-浙江-嘉兴,China-Zhejiang,有色金属,269,111,210.0,14%
高兴江,先生,59,中国-浙江-湖州,硕士,永兴特钢,中国-浙江-湖州,China-Zhejiang,不锈钢,269,81,210.0,8%
刘克振,先生,68,中国-台湾,,研华,中国-台湾-台北,China-Taipei,电脑设备,269,33,210.0,-5%
张剑,先生,53,中国-河南-商丘,,爱玛,中国-天津,China-Tianjin,电动自行车,269,336,210.0,75%
陈永泰,先生,86,中国-台湾-台北,,震旦,中国-台湾-台北,China-Taiwan,办公家具、房地产,275,46,205.0,-2%
季琦,先生,56,中国-江苏-南通, ,华住,中国-上海-闵行,China-Shanghai,连锁酒店,275,-23,205.0,-18%
鲁忠芳,女士,80,中国-吉林-通化,本科,中公教育,中国-北京,China-Beijing,教育,275,-151,205.0,-58%
易如波,先生,46,中国-重庆,硕士,中昂,中国-重庆,China-Chongqing,房地产,275,8,205.0,-11%
岑均达,先生,未知,, ,恒瑞、翰森,中国-江苏-连云港,China-Jiangsu,医药,279,-44,200.0,-25%
陈明永,先生,53,中国-四川-达州,本科,OPPO,中国-广东-东莞,China-Guangdong,消费电子产品,279,169,200.0,25%
黄柏年,先生,66,印尼, ,外滩中心,中国-上海,China-Shanghai,房地产,279,59,200.0,0%
黄伟,先生,63,中国-浙江-温州,本科,新湖,中国-浙江-杭州,China-Zhejiang,房地产、金融,279,4,200.0,-13%
姜照柏,先生,59,中国-江苏-南通, ,鹏欣,中国-上海-长宁,China-Shanghai,乳业、房地产、投资,279,-119,200.0,-44%
潘石屹,先生,59,中国-甘肃-天水, ,SOHO中国,中国-北京,China-Beijing,房地产,279,23,200.0,-9%
史贵禄,先生,57,中国-陕西-榆林, ,荣民,中国-陕西-西安,China-Shaanxi,房地产,279,-7,200.0,-17%
吴少勋,先生,66,中国-湖北-黄石,本科,劲牌,中国-湖北-黄石,China-Hubei,保健酒,279,303,200.0,60%
蔡明忠,先生,66,中国-台湾,,富邦,中国-台湾-台北,China-Taipei,金融服务,287,-105,195.0,-41%
黄敏利,先生,57,中国-福建-泉州,本科,敏华,中国-香港,China-Hong Kong,休闲沙发,287,-93,195.0,-38%
李斌,先生,48,中国-安徽, ,蔚来、易车,中国-上海-嘉定,China-Shanghai,电动车,287,-150,195.0,-57%
李锂,先生,58,中国-四川-眉山,本科,海普瑞,中国-广东-深圳,China-Guangdong,医药,287,51,195.0,-3%
邵建雄,先生,58,中国-浙江,,禾迈股份,中国-浙江-杭州,China-Zhejiang,光伏逆变器,287,New,195.0,New
孙宏斌,先生,59,中国-山西-运城,硕士,融创,中国-天津,China-Tianjin,房地产,287,-132,195.0,-49%
吴冠江,先生,54,中国-四川-乐山, ,智飞生物,中国-重庆,China-Chongqing,疫苗,287,-35,195.0,-22%
尹衍梁,先生,72,中国-台湾-台北,,润泰,中国-台湾-台北,China-Taiwan,建筑开发、金融保险,287,28,195.0,-9%
周剑,先生,46,,,迈为股份,中国-江苏-苏州,China-Jiangsu,智能制造装备,287,161,195.0,22%
傅利泉,先生,55,中国-浙江-杭州, ,大华技术,中国-浙江-杭州,China-Zhejiang,软件、电子通讯产品,296,-73,190.0,-32%
郭振宇,先生,59,中国-云南-昆明,,贝泰妮,中国-云南-昆明,China-Yunnan,护肤品,296,42,190.0,-5%
赖建平,先生,未知,, ,海天味业,中国-广东-佛山,China-Guangdong,调味品,296,0,190.0,-16%
李华,先生,44,,本科,富途,中国-香港,China-Hong Kong,金融服务,296,-141,190.0,-50%
李文斌,先生,47,中国-云南,本科,俊发,中国-香港,China-Hong Kong,房地产,296,-49,190.0,-25%
彭国远,先生,36,中国-广东-汕尾,硕士,心里程,中国-广东-深圳,China-Guangdong,教育、房地产,296,67,190.0,0%
戚金兴,先生,60,中国-浙江,硕士,滨江,中国-浙江-杭州,China-Zhejiang,房地产,296,506,190.0,111%
沈炜,先生,未知,, ,VIVO,中国-广东-东莞,China-Guangdong,消费电子产品,296,111,190.0,9%
王华君,先生,52,中国-江西-九江,硕士,裕同包装,中国-广东-深圳,China-Guangdong,包装,296,84,190.0,3%
王水福,先生,67,中国-浙江-杭州, ,西子联合控股,中国-浙江-杭州,China-Zhejiang,电梯、锅炉、房地产,296,36,190.0,-7%
王正华,先生,78,中国-上海,硕士,春秋航空,中国-上海-长宁,China-Shanghai,航空,296,36,190.0,-7%
虞锋,先生,59,中国-上海,本科,云锋基金,中国-上海-徐汇,China-Shanghai,投资,296,0,190.0,-16%
张力,先生,69,中国-广东-广州,博士,富力地产,中国-广东-广州,China-Guangdong,房地产、矿业,296,6,190.0,-14%
顾江生,先生,49,中国-浙江-台州,本科,顾家家居,中国-浙江-杭州,China-Zhejiang,家具,309,41,185.0,-5%
李仲初,先生,59,中国-湖南-娄底,硕士,石基,中国-北京,China-Beijing,软件与信息服务,309,123,185.0,12%
林宏修,先生,71,印度尼西亚, ,融侨,中国-福建-福州,China-Fujian,房地产,309,-88,185.0,-35%
刘炽平,先生,49,中国-北京,硕士,腾讯,中国-广东-深圳,China-Guangdong,互联网服务,309,-26,185.0,-20%
彭蕾,先生,51,, ,阿里系,中国-浙江-杭州,China-Zhejiang,电子商务、金融科技,309,-13,185.0,-18%
彭铁缆,先生,未知,中国-湖南-长沙,,博深集团,中国-湖南-长沙,China-Hunan,企业服务,309,203,185.0,32%
邱敏秀,先生,77,,博士,晶盛机电,中国-浙江-绍兴,China-Zhejiang,机电设备,309,82,185.0,3%
叶小平,先生,59,中国-浙江-嘉兴,博士,泰格医药,中国-浙江-杭州,China-Zhejiang,医药,309,-107,185.0,-38%
张国涛,先生,37,中国-河南-开封,,迪阿,中国-广东-深圳,China-Guangdong,珠宝首饰,309,New,185.0,New
赵丰刚,先生,56,,硕士,宁德时代,中国-福建-宁德,China-Fujian,锂电池,309,-26,185.0,-20%
郭恩元,先生,74,中国-河北-邯郸,,普阳钢铁,中国-河北-邯郸,China-Hebei,钢铁,319,1147,180.0,267%
黄茂如,先生,57,中国-广东-潮州,硕士,茂业,中国-广东-深圳,China-Guangdong,房地产,319,44,180.0,-5%
林陈海,先生,未知,中国-台湾-台北,,宝佳,中国-台湾-新北,China-Taiwan,房地产,319,263,180.0,44%
汪建国,先生,62,中国-江苏-苏州, ,五星投资,中国-江苏-南京,China-Jiangsu,电子商务、儿童用品连锁,319,-36,180.0,-22%
王希成,先生,74,中国-山东, ,玲珑轮胎,中国-山东-烟台,China-Shandong,轮胎,319,-78,180.0,-31%
王振华,先生,60,中国-江苏, ,新城,中国-上海-普陀,China-Shanghai,房地产,319,-139,180.0,-46%
谢伟通,先生,65,中国-台湾, ,华友钴业,中国-浙江-嘉兴,China-Zhejiang,有色金属,319,72,180.0,0%
徐广福,先生,未知,, ,大全,中国-江苏-镇江,China-Jiangsu,电气设备制造、太阳能,319,-78,180.0,-31%
赵立新,先生,56,,,格科微,中国-上海,China-Shanghai,CMOS图像传感器,319,-154,180.0,-49%
池宇峰,先生,51,中国-湖北,硕士,完美世界,中国-北京,China-Beijing,网游、影视娱乐,328,52,175.0,-5%
葛卫东,先生,53,,本科,混沌投资,中国-上海-浦东,China-Shanghai,投资,328,-32,175.0,-22%
南存辉,先生,59,中国-山东-济宁, ,正泰,中国-浙江-温州,China-Zhejiang,工业电器、投资,328,-146,175.0,-47%
蒲忠杰,先生,59,,博士,乐普,中国-北京,China-Beijing,医疗设备,328,147,175.0,17%
王均金,先生,54,,硕士,均瑶,中国-上海-徐汇,China-Shanghai,房地产、航空、零售,328,52,175.0,-5%
易峥,先生,52,中国-北京,本科,同花顺,中国-浙江-杭州,China-Zhejiang,软件,328,-93,175.0,-34%
张兴海,先生,59,中国-重庆,硕士,小康控股,中国-重庆,China-Chongqing,汽车、汽车零配件,328,-26,175.0,-20%
周鸿祎,先生,52,中国-湖北-黄冈,硕士,三六零安全科技,中国-北京,China-Beijing,网络信息服务,328,-76,175.0,-30%
陈凯臣,先生,未知,中国-广东-揭阳,,立白,中国-广东-广州,China-Guangdong,日化用品,336,112,170.0,6%
陈泰铭,先生,66,中国-台湾-台南,,国巨,中国-台湾-台北,China-Taiwan,电子制造、收藏,336,55,170.0,-6%
花轩德,先生,79,中国-浙江-台州, ,中贝九洲,中国-浙江-台州,China-Zhejiang,医药,336,-21,170.0,-21%
黄达文,先生,62,中国-香港, ,合盛,中国-浙江-宁波,China-Zhejiang,硅材料,336,-34,170.0,-23%
黄光苗,先生,53,中国-广东-汕头, ,中洲,中国-广东-深圳,China-Guangdong,房地产,336,112,170.0,6%
蒋业华,先生,59,中国-重庆, ,华宇,中国-重庆,China-Chongqing,房地产,336,-84,170.0,-32%
李洪信,先生,69,中国-福建,本科,太阳纸业,中国-山东-济宁,China-Shandong,造纸,336,55,170.0,-6%
梁绍鸿,先生,70,中国-香港,,大鸿辉,中国-香港,China-Hong Kong,房地产,336,2,170.0,-15%
梁允超,先生,53,中国-湖北-武汉, ,汤臣倍健,中国-广东-珠海,China-Guangdong,保健品,336,-56,170.0,-28%
廖汤慧霭,女士,74,中国-香港,,纪惠,中国-香港,China-Hong Kong,房地产,336,27,170.0,-11%
林刚,先生,58,中国-广东,硕士,康哲药业,中国-广东-深圳,China-Guangdong,医药,336,14,170.0,-13%
陆地,先生,未知,, ,大疆,中国-广东-深圳,China-Guangdong,无人机,336,112,170.0,6%
戚振波,先生,未知,,,美腕,中国-上海,China-Shanghai,新零售,336,84,170.0,0%
邵钦祥,先生,68,中国-浙江-金华, ,花园,中国-浙江-金华,China-Zhejiang,工业制造、房地产,336,176,170.0,21%
唐立新,先生,59,中国-四川-成都,硕士,新尚,中国-四川-成都,China-Sichuan,零售、房地产,336,96,170.0,3%
吴凯,先生,54,,博士,宁德时代,中国-福建-宁德,China-Fujian,锂电池,336,-21,170.0,-21%
邢李㷧,先生,73,中国-香港,,思捷环球,中国-香港,China-Hong Kong,投资,336,2,170.0,-15%
阎志,先生,50,中国-湖北-黄冈,硕士,卓尔,中国-湖北-武汉,China-Hubei,房地产、投资,336,55,170.0,-6%
赵藤雄,先生,78,中国-台湾,,远雄,中国-台湾-台北,China-Taiwan,房地产,336,96,170.0,3%
郑春颖,先生,未知,中国-辽宁-辽阳,,伽蓝,中国-上海,China-Shanghai,化妆品,336,84,170.0,0%
陈谭庆芬,先生,未知,,,恒隆,中国-香港,China-Hong Kong,房地产,356,156,165.0,18%
邓鸿,先生,59,中国-四川,本科,成都环球世纪,中国-四川-成都,China-Sichuan,房地产,356,119,165.0,10%
贺正刚,先生,68,, ,和邦股份,中国-四川-乐山,China-Sichuan,矿产、化工,356,7,165.0,-13%
洪浩,先生,66,,博士后,凯莱英,中国-天津,China-Tianjin,医药,356,-162,165.0,-48%
侯军呈,先生,58,中国-浙江-温州, ,珀莱雅,中国-浙江-杭州,China-Zhejiang,化妆品,356,203,165.0,27%
李国强,先生,58,, ,中升控股,中国-辽宁-大连,China-Liaoning,汽车销售,356,-121,165.0,-38%
李建全,先生,65,, ,稳健医疗,中国-广东-深圳,China-Guangdong,医疗用品,356,-84,165.0,-31%
林敏雄,女士,72,,,元利,中国-台湾-台北,China-Taipei,房地产,356,119,165.0,10%
罗才仁,先生,69,中国-台湾-彰化,,正新橡胶,中国-台湾-彰化,China-Taiwan,轮胎制造,356,51,165.0,-6%
齐向东,先生,57,,本科,奇安信,中国-北京,China-Beijing,网络安全,356,-54,165.0,-25%
沈锡强,先生,74,中国-江苏-无锡, ,雅克科技,中国-江苏-无锡,China-Jiangsu,化工新材料,356,-6,165.0,-15%
孙孟全,先生,72,, ,鲁花,中国-山东-烟台,China-Shandong,食用油,356,119,165.0,10%
谢秉昆,先生,56,, ,坤彩科技,中国-福建-福州,China-Fujian,珠光材料,356,291,165.0,50%
徐乘,先生,70,中国-台湾-台北, ,徐福记,中国-广东-东莞,China-Guangdong,食品,356,76,165.0,0%
朱兴明,先生,55,中国-湖南,硕士,汇川技术,中国-广东-深圳,China-Guangdong,工业自动化产品,356,-24,165.0,-20%
曹骥,先生,70,中国-浙江, ,杭可科技,中国-浙江-杭州,China-Zhejiang,锂电池,371,-144,160.0,-42%
李仙德,先生,47,,,晶科能源,中国-江西-上饶,China-Jiangxi,太阳能,371,1253,160.0,272%
梁光伟,先生,59,中国-浙江-台州,硕士,华强,中国-广东-深圳,China-Guangdong,投资,371,125,160.0,10%
罗家宝,先生,73,,,百乐,中国-香港,China-Hong Kong,房地产,371,20,160.0,-11%
陶悦群,先生,62,,博士,欧普康视,中国-安徽-合肥,China-Anhui,医疗器械制造、销售,371,-88,160.0,-30%
汪林朋,先生,53,中国-湖北-黄冈,硕士,居然之家,中国-北京,China-Beijing,家居建材,371,-21,160.0,-18%
王瀚,先生,35,,本科,均瑶,中国-上海-徐汇,China-Shanghai,房地产、航空、零售,371,49,160.0,-6%
王建沂,先生,59,中国-浙江, ,富通,中国-浙江-杭州,China-Zhejiang,光纤光缆,371,104,160.0,7%
王长田,先生,57,中国-辽宁-大连,本科,光线传媒,中国-北京,China-Beijing,影视娱乐,371,-8,160.0,-16%
伍步高,先生,78,中国-香港,,永隆,中国-香港,China-Hong Kong,银行业,371,-8,160.0,-16%
叶刚,先生,41,,,冬海集团,新加坡,Singapore,网络游戏、电商,371,-296,160.0,-77%
张荣华,女士,53,中国-天津,硕士,荣程,中国-天津,China-Tianjin,钢铁,371,36,160.0,-9%
张忠谋,先生,91,中国-浙江-宁波,,台积电,中国-台湾-新竹,China-Hsinchu,半导体,371,-50,160.0,-24%
郑崇华,先生,86,中国-福建-南平,,台达电子,中国-台湾-台北,China-Taipei,电子元件,371,104,160.0,7%
周耀庭,先生,79,中国-江苏-无锡, ,红豆,中国-江苏-无锡,China-Jiangsu,服装、橡胶轮胎、房地产,371,141,160.0,14%
周志文,先生,57,,硕士,昭衍新药,中国-北京,China-Beijing,生物医药,371,-88,160.0,-30%
曹龙祥,先生,65,, ,济川控股,中国-江苏-泰州,China-Jiangsu,医药,387,195,155.0,24%
陈爱莲,先生,64,中国-浙江-绍兴, ,万丰,中国-浙江-绍兴,China-Zhejiang,智能制造、投资,387,33,155.0,-9%
仇建平,先生,60,中国-浙江-杭州,硕士,巨星科技,中国-浙江-杭州,China-Zhejiang,工具制造,387,-104,155.0,-33%
郭建军,先生,未知,,,汇能,中国-内蒙古-鄂尔多斯,China-Inner Mongolia,煤炭、路桥、房地产,387,New,155.0,New
何志平,先生,57,中国-江西, ,华建,中国-广东-深圳,China-Guangdong,投资,387,153,155.0,15%
李妙行,先生,未知,, ,老干妈,中国-贵州-贵阳,China-Guizhou,食品,387,88,155.0,3%
刘程宇,先生,60,中国-福建-宁德,本科,科士达,中国-广东-深圳,China-Guangdong,电力设备,387,218,155.0,29%
许英灼,先生,57,中国-广东-潮州,本科,海大,中国-广东-广州,China-Guangdong,饲料,387,79,155.0,0%
叶立培,先生,78,中国-上海,硕士,仲盛,中国-上海-闵行,China-Shanghai,房地产,387,88,155.0,3%
张亚,先生,53,,,国光电气,中国-四川-成都,China-Sichuan,微波电子器件,387,736,155.0,138%
赵鸿飞,先生,48,,硕士,中科创达,中国-北京,China-Beijing,智能终端操作系统,387,33,155.0,-9%
郑效东,先生,58,, ,东富龙,中国-上海-闵行,China-Shanghai,医疗设备,387,-7,155.0,-16%
蔡明介,先生,72,中国-台湾,,联发科技,中国-台湾-新竹,China-Hsinchu,半导体,399,-61,150.0,-25%
曹建伟,先生,44,,博士,晶盛机电,中国-浙江-绍兴,China-Zhejiang,机电设备,399,97,150.0,3%
曾继疆,先生,60,中国-湖南, ,宏达电子,中国-湖南-株洲,China-Hunan,电子器件制造,399,-119,150.0,-36%
龚俊龙,先生,63,中国-广东-汕尾, ,恒裕,中国-广东-深圳,China-Guangdong,房地产、投资,399,49,150.0,-6%
郭金树,先生,71,中国-内蒙古-鄂尔多斯, ,汇能,中国-内蒙古-鄂尔多斯,China-Inner Mongolia,煤炭、路桥、房地产,399,1127,150.0,226%
黄巧灵,先生,64,中国-浙江, ,宋城,中国-浙江-杭州,China-Zhejiang,旅游、房地产,399,33,150.0,-9%
黄世再,先生,71,中国-广东-揭阳, ,大中华地产,中国-广东-深圳,China-Guangdong,房地产,399,33,150.0,-9%
李贵山,先生,未知,, ,老干妈,中国-贵州-贵阳,China-Guizhou,食品,399,49,150.0,-6%
林明成,先生,79,中国-台湾,,华南金控,中国-台湾-台北,China-Taiwan,金融,399,76,150.0,0%
马志玲,女士,82,中国-北京,,元大,中国-台湾-台北,China-Taipei,金融服务,399,-8,150.0,-17%
石毅峰,先生,48,中国-山西-晋中,,爱美客,中国-北京,China-Beijing,生物制药,399,97,150.0,3%
苏素玉,先生,74,中国-广东-汕头, ,联美,中国-广东-汕头,China-Guangdong,房地产、投资,399,8,150.0,-14%
王正根,先生,50,,,迈为股份,中国-江苏-苏州,China-Jiangsu,智能制造装备,399,183,150.0,20%
魏应州,先生,68,中国-台湾,,顶新,中国-天津,China-Tianjin,食品和饮料,399,141,150.0,11%
吴英,先生,58,,,美畅新材,中国-陕西-咸阳,China-Shaanxi,新材料,399,49,150.0,-6%
项光明,先生,59,中国-浙江-温州, ,伟明环保,中国-浙江-温州,China-Zhejiang,垃圾发电,399,183,150.0,20%
徐宇,先生,50,中国-广东-广州,硕士,赫基国际,中国-广东-广州,China-Guangdong,服装,399,-67,150.0,-27%
杨卫东,先生,54,中国-浙江, ,卫星石化,中国-浙江-嘉兴,China-Zhejiang,化工,399,-137,150.0,-39%
杨致远,先生,54,中国-台湾-台北,,雅虎,美国,USA,投资,399,113,150.0,7%
袁富根,先生,72,中国-江苏-苏州, ,东山精密,中国-江苏-苏州,China-Jiangsu,精密铸件,399,183,150.0,20%
袁志敏,先生,61,中国-四川,硕士,金发科技,中国-广东-广州,China-Guangdong,化工塑料,399,33,150.0,-9%
蔡东青,先生,53,中国-广东-汕头,硕士,奥飞娱乐,中国-广东-汕头,China-Guangdong,动漫,420,346,145.0,53%
丁立国,先生,52,中国-河北-任丘,,德龙,中国-上海,China-Shanghai,钢铁、天然气,420,484,145.0,73%
李家权,先生,59,中国-四川, ,龙蟒,中国-四川-成都,China-Sichuan,钛白粉、磷化工,420,-57,145.0,-24%
林定强,先生,56,中国-福建-福州, ,金辉,中国-北京,China-Beijing,房地产,420,76,145.0,0%
任正非,先生,78,中国-贵州-安顺,本科,华为,中国-广东-深圳,China-Guangdong,消费电子、电讯,420,46,145.0,-6%
邵根伙,先生,57,中国-浙江-金华,博士,大北农,中国-北京,China-Beijing,饲料、种业,420,92,145.0,4%
田明,先生,69,中国-安徽, ,美亚光电,中国-安徽-合肥,China-Anhui,专用设备制造业,420,-57,145.0,-24%
夏崇耀,先生,63,,,东方电缆,中国-浙江-宁波,China-Zhejiang,电缆,420,926,145.0,169%
谢嘉,先生,未知,, ,大疆,中国-广东-深圳,China-Guangdong,无人机,420,139,145.0,12%
张传卫,先生,60,中国-河南-信阳,,明阳智能,中国-广东-中山,China-Guangdong,新能源,420,205,145.0,26%
张帆,先生,57,中国-四川-成都,本科,汇顶科技,中国-广东-深圳,China-Guangdong,半导体芯片,420,-158,145.0,-41%
白宝鲲,先生,52,,,坚朗五金,中国-广东-东莞,China-Guangdong,高端建筑五金,431,-93,140.0,-30%
陈琼香,先生,未知,, ,宁德时代,中国-福建-宁德,China-Fujian,锂电池,431,-24,140.0,-20%
陈先保,先生,63,中国-安徽-合肥,本科,华泰,中国-安徽-合肥,China-Anhui,农副食品加工业,431,174,140.0,17%
陈一丹,先生,51,中国-广东-深圳,硕士,腾讯,中国-广东-深圳,China-Guangdong,互联网服务,431,65,140.0,-3%
方文雄,先生,未知,中国-广东-东莞,,协成行,中国-香港,China-Hong Kong,房地产,431,17,140.0,-13%
傅光明,先生,68,中国-江西-抚州, ,圣农,中国-福建-南平,China-Fujian,农业,431,128,140.0,8%
黄绍武,先生,52,中国-江西-九江, ,神州通,中国-广东-深圳,China-Guangdong,投资,431,81,140.0,0%
赖建法,先生,53,,,中通,中国-上海-青浦,China-Shanghai,快递,431,81,140.0,0%
李非列,先生,56,中国-北京,硕士,飞尚,中国-广东-深圳,China-Guangdong,有色金属、钢铁、物流,431,81,140.0,0%
李宁,先生,59,中国-广西-来宾,硕士,李宁,中国-北京,China-Beijing,体育用品、投资,431,35,140.0,-10%
李伟,先生,54,中国-河南,本科,千味央厨,中国-河南-郑州,China-Henan,食品、房地产,431,44,140.0,-7%
励民,先生,57,,,瑞芯微,中国-福建-福州,China-Fujian,集成电路,431,-159,140.0,-42%
利约翰,先生,68,,,中电,中国-香港,China-Hong Kong,能源,431,65,140.0,-3%
刘志强,先生,58,中国-广东,硕士,香江,中国-广东-深圳,China-Guangdong,房地产、金融,431,-40,140.0,-22%
陆昂,女士,59,,硕士,嘉德,中国-北京,China-Beijing,投资、拍卖,431,17,140.0,-13%
吕慧,先生,73,,硕士,嘉鑫,中国-香港,China-Hong Kong,钢铁、铁矿石进出口、房地产,431,-68,140.0,-26%
曲程,先生,34,中国-辽宁-大连,,海昌海洋公园,中国-上海,China-Shanghai,主题乐园,431,New,140.0,New
谭炳照,先生,58,, ,敏捷,中国-广东-广州,China-Guangdong,房地产,431,44,140.0,-7%
魏应充,先生,65,中国-台湾,,顶新,中国-天津,China-Tianjin,食品和饮料,431,128,140.0,8%
魏应交,先生,67,中国-台湾,,顶新,中国-天津,China-Tianjin,食品和饮料,431,128,140.0,8%
魏应行,先生,63,中国-台湾,,顶新,中国-天津,China-Tianjin,食品和饮料,431,128,140.0,8%
温鹏程,先生,60,中国-广东-云浮, ,温氏食品,中国-广东-云浮,China-Guangdong,家禽养殖畜牧,431,371,140.0,56%
吴映明,先生,55,,本科,宁德时代,中国-福建-宁德,China-Fujian,锂电池,431,-24,140.0,-20%
俞其兵,先生,57,中国-浙江, ,旗滨,中国-浙江-宁波,China-Zhejiang,玻璃,431,-184,140.0,-45%
张静章,先生,85,中国-浙江-宁波, ,海天国际,中国-浙江-宁波,China-Zhejiang,注塑机,431,-129,140.0,-36%
张万镇,先生,73,中国-广东-潮州, ,三环,中国-广东-潮州,China-Guangdong,通信部件、电子元器件,431,-40,140.0,-22%
丁雅丽,先生,未知,中国-福建-泉州, ,安踏,中国-福建-厦门,China-Fujian,体育用品,457,-142,135.0,-37%
何猷龙,先生,46,中国-香港,,新濠国际,中国-香港,China-Hong Kong,博彩,457,-37,135.0,-21%
胡兴荣,先生,41,中国-浙江-温州,硕士,多弗,中国-北京,China-Beijing,贸易、房地产,457,102,135.0,4%
李志刚,先生,46,,博士,帝尔激光,中国-湖北-武汉,China-Hubei,设备制造,457,512,135.0,78%
倪永培,先生,70,中国-安徽-六安, ,迎驾,中国-安徽-六安,China-Anhui,白酒,457,-50,135.0,-23%
邱光和,先生,71,中国-浙江-温州, ,森马,中国-浙江-温州,China-Zhejiang,服装,457,-94,135.0,-29%
孙中伟,先生,44,中国-山东,,华宝新能,中国-广东-深圳,China-Guangdong,便携储能电池、太阳能,457,New,135.0,New
王林祥,先生,71,中国-内蒙古-包头, ,鄂尔多斯,中国-内蒙古-鄂尔多斯,China-Inner Mongolia,羊绒、煤电、冶金、房地产,457,9,135.0,-13%
王明旺,先生,55,中国-广东-茂名,硕士,欣旺达,中国-广东-深圳,China-Guangdong,电子部件,457,-50,135.0,-23%
王旭宁,先生,53,中国-北京,硕士,JS环球生活,中国-香港,China-Hong Kong,小家电,457,-25,135.0,-18%
吴志刚,先生,87,中国-辽宁, ,桃李面包,中国-辽宁-沈阳,China-Liaoning,食品,457,-77,135.0,-27%
谢菊华,先生,71,, ,健友股份,中国-江苏-南京,China-Jiangsu,原料药,457,-66,135.0,-25%
徐新,先生,56,,本科,今日资本,中国-上海-浦东,China-Shanghai,投资,457,-9,135.0,-16%
许景南,先生,67,中国-福建-泉州, ,匹克,中国-福建-泉州,China-Fujian,体育用品,457,587,135.0,93%
郁国祥,先生,52,, ,乐游科技,中国-上海,China-Shanghai,投资,457,83,135.0,0%
周永利,先生,66,中国-浙江-绍兴, ,永利,中国-浙江-绍兴,China-Zhejiang,轻纺、房地产、投资,457,55,135.0,-4%
白厚善,先生,58,,硕士,容百控股,中国-北京,China-Beijing,锂电池材料,473,-41,130.0,-21%
陈智松,先生,56,,本科,亿联网络,中国-福建-厦门,China-Fujian,通信,473,23,130.0,-10%
纪海鹏,先生,55,中国-广东-汕头, ,龙光地产,中国-广东-深圳,China-Guangdong,房地产,473,-328,130.0,-69%
雷菊芳,女士,69,中国-甘肃-定西,本科,奇正藏药,中国-西藏-林芝,China-Tibet,医药,473,-41,130.0,-21%
梁勤,先生,51,中国-江苏-扬州, ,扬杰,中国-江苏-扬州,China-Jiangsu,电子元件,473,152,130.0,13%
刘冬生,先生,49,, ,彤程新材,中国-上海-浦东,China-Shanghai,化工原料,473,-201,130.0,-46%
刘锋,先生,52,中国-山东,本科,永锋,中国-山东-济南,China-Shandong,钢铁,473,226,130.0,30%
梅志明,先生,50,,,普洛斯,中国-上海-浦东,China-Shanghai,物流地产、投资,473,86,130.0,0%
任道德,先生,62,,,泰康,中国-北京,China-Beijing,保险,473,2,130.0,-13%
汤晓鸥,先生,53,,博士,商汤科技,中国-北京,China-Beijing,人工智能,473,-53,130.0,-24%
童锦泉,先生,67,中国-江苏-南通, ,长峰房地产,中国-上海-长宁,China-Shanghai,房地产,473,-190,130.0,-43%
王敏文,先生,59,中国-浙江,硕士,立昂微,中国-浙江-杭州,China-Zhejiang,半导体,473,-66,130.0,-26%
王秋雄,先生,79,中国-台湾,,丰泰,中国-台湾-斗六,China-Taiwan,服装,473,2,130.0,-13%
吴绪顺,先生,74,中国-安徽-芜湖, ,三七互娱,中国-广东-广州,China-Guangdong,网络游戏,473,67,130.0,-4%
严健军,先生,57,中国-浙江-宁波,本科,致达,中国-上海-静安,China-Shanghai,信息、金融、投资,473,86,130.0,0%
姚雄杰,先生,未知,中国-福建-龙岩, ,盛屯,中国-广东-深圳,China-Guangdong,锂电新能源材料,473,-93,130.0,-30%
易大盛,先生,61,, ,富兴,中国-湖南-长沙,China-Hunan,房地产、汽车销售、投资,473,109,130.0,4%
俞发祥,先生,51,中国-浙江-绍兴, ,祥源控股,中国-浙江-绍兴,China-Zhejiang,基础设施建设、房地产,473,67,130.0,-4%
俞熔,先生,51,,博士,美年健康,中国-上海-静安,China-Shanghai,医疗服务,473,132,130.0,8%
张小龙,先生,53,中国-湖南-昭阳,硕士,腾讯,中国-广东-深圳,China-Guangdong,互联网服务,473,86,130.0,0%
宗艳民,先生,58,,,天岳先进,中国-山东-济南,China-Shandong,半导体材料,473,New,130.0,New
陈湖文,先生,52,中国-广东-汕头 , ,晨光,中国-上海-松江,China-Shanghai,文具用品制造,494,-62,125.0,-24%
陈湖雄,先生,52,中国-广东-汕头 , ,晨光,中国-上海-奉贤,China-Shanghai,文具用品制造,494,-46,125.0,-22%
陈林,先生,47,中国-山东-威海,,威高,中国-山东-威海,China-Shandong,医疗器械,494,-19,125.0,-17%
邓文,先生,54,中国-四川-成都,本科,天味食品,中国-四川-成都,China-Sichuan,食品,494,183,125.0,19%
傅明康,先生,59,, ,日月股份,中国-浙江-宁波,China-Zhejiang,机械配件,494,-144,125.0,-36%
江必旺,先生,57,,,纳微科技,中国-江苏-苏州,China-Jiangsu,微球材料,494,-28,125.0,-19%
金惠明,先生,69,中国-上海, ,大华,中国-上海-宝山,China-Shanghai,房地产,494,-19,125.0,-17%
李爱真,女士,71,中国-河南-商丘,,力量钻石,中国-河南-商丘,China-Henan,新材料,494,479,125.0,67%
刘修才,先生,65,,,凯赛生物,中国-上海-浦东,China-Shanghai,生物材料,494,-103,125.0,-31%
任建华,先生,65,中国-浙江-杭州, ,老板电器,中国-浙江-杭州,China-Zhejiang,家用电器,494,-28,125.0,-19%
唐修国,先生,59,中国-湖南,本科,三一,中国-北京,China-Beijing,重型机械,494,153,125.0,14%
王世忠,先生,未知,中国-台湾,,亚德客,中国-台湾-台北,China-Taipei,工业机械,494,2,125.0,-14%
王维,先生,41,中国-上海,,行云集团,中国-广东-深圳,China-Guangdong,企业服务,494,New,125.0,New
王文默,先生,66,中国-福建, ,安踏,中国-福建-厦门,China-Fujian,体育用品,494,-173,125.0,-40%
项光通,先生,未知,中国-浙江-温州, ,青山控股,中国-浙江-温州,China-Zhejiang,钢铁,494,479,125.0,67%
许刚,先生,59,中国-河南,硕士,龙佰,中国-河南-焦作,China-Henan,钛白粉,494,-242,125.0,-50%
许连捷,先生,69,中国-福建-泉州, ,恒安,中国-福建-泉州,China-Fujian,个人护理用品,494,-19,125.0,-17%
袁志伦,先生,58,中国-重庆,本科,博赛矿业,中国-重庆,China-Chongqing,矿业,494,153,125.0,14%
昝圣达,先生,59,中国-江苏-南通, ,综艺,中国-江苏-南通,China-Jiangsu,新能源、信息科技、投资,494,88,125.0,0%
周庆治,先生,67,,本科,南都,中国-上海-浦东,China-Shanghai,电池、投资,494,153,125.0,14%
董才平,先生,59,中国-江苏-常州,硕士,中天钢铁,中国-江苏-常州,China-Jiangsu,钢铁、投资,514,91,120.0,0%
李明,先生,54,中国-甘肃-陇南, ,亚特,中国-甘肃-陇南,China-Gansu,投资、有色金属,514,885,120.0,140%
李湘平,先生,未知,,,东明石化,中国-山东-菏泽,China-Shandong,石油化工,514,441,120.0,54%
梁亮胜,先生,71,中国-广东-梅州,本科,丝宝,中国-香港,China-Hong Kong,投资,514,91,120.0,0%
吕建明,先生,57,中国-浙江,硕士,通策医疗,中国-浙江-杭州,China-Zhejiang,医疗器械,514,-193,120.0,-43%
马秀慧,先生,51,,本科,欧普照明,中国-上海-闵行,China-Shanghai,节能灯,514,-66,120.0,-25%
秦荣华,先生,64,中国-台湾,,敏实,中国-浙江-宁波,China-Zhejiang,汽车零部件,514,-2,120.0,-14%
尚吉永,先生,54,中国-山东, ,万达控股,中国-山东-东营,China-Shandong,轮胎、电缆、化工,514,68,120.0,-4%
王均豪,先生,50,中国-浙江-温州,硕士,均瑶,中国-上海-徐汇,China-Shanghai,房地产、航空、零售,514,26,120.0,-11%
王俊民,先生,54,中国-辽宁,硕士,海思科,中国-西藏-山南,China-Tibet,医药,514,111,120.0,4%
王树华,先生,未知,, ,冀南钢铁,中国-河北-邯郸,China-Hebei,钢铁,514,133,120.0,9%
王晓申,先生,54,, ,赣锋锂业,中国-江西-新余,China-Jiangxi,有色金属冶炼加工,514,-176,120.0,-40%
吴美蓉,先生,62,,,美科股份,中国-上海,China-Shanghai,太阳能设备,514,New,120.0,New
徐旭东,先生,52,, ,旭升汽车技术,中国-浙江-宁波,China-Zhejiang,汽车零部件,514,133,120.0,9%
徐振华,先生,43,中国-上海,,沐瞳科技,中国-上海,China-Shanghai,游戏,514,91,120.0,0%
薛济萍,先生,71,中国-江苏-南通, ,中天科技,中国-江苏-南通,China-Jiangsu,电缆,514,783,120.0,118%
阳萌,先生,40,,,安克,中国-湖南-长沙,China-Hunan,电子商务,514,-164,120.0,-38%
杨雪岗,先生,57,中国-河北-邢台,硕士,旭阳,中国-北京,China-Beijing,煤炭、化工,514,-123,120.0,-33%
张近东,先生,59,中国-江苏-南京,本科,苏宁,中国-江苏-南京,China-Jiangsu,零售、房地产,514,-242,120.0,-50%
张克强,先生,62,中国-广东,硕士,华美国际,中国-广东-广州,China-Guangdong,投资、房地产,514,163,120.0,14%
张永平,先生,61,, ,秀水街,中国-北京,China-Beijing,房地产,514,91,120.0,0%
张毓强,先生,67,中国-浙江-嘉兴,硕士,振石控股,中国-浙江-嘉兴,China-Zhejiang,房地产、矿产,514,-39,120.0,-20%
周敬良,先生,72,中国-海南-海口,,景田,中国-广东-深圳,China-Guangdong,饮料,514,185,120.0,20%
朱义文,先生,未知,,,海吉亚,中国-上海-长宁,China-Shanghai,肿瘤检测,514,-2,120.0,-14%
曹林,先生,43,中国-湖南-郴州,,诺唯赞,中国-江苏-南京,China-Jiangsu,生物医药,538,New,115.0,New
陈康平,先生,49,,,晶科能源,中国-江西-上饶,China-Jiangxi,太阳能,538,1759,115.0,326%
陈文源,先生,54,, ,华兴源创,中国-江苏-苏州,China-Jiangsu,设备制造,538,21,115.0,-12%
高云峰,先生,55,,硕士,大族激光,中国-广东-深圳,China-Guangdong,激光设备,538,-42,115.0,-21%
何旗,先生,40,,本科,均和,中国-上海-浦东,China-Shanghai,钢铁贸易,538,228,115.0,21%
黄敏,先生,49,,,固德威,中国-江苏-苏州,China-Jiangsu,光伏逆变器,538,139,115.0,10%
金磊,先生,68,,,佰仁医疗,中国-北京,China-Beijing,医疗器械,538,-147,115.0,-36%
李林,先生,40,,硕士,火币,中国-北京,China-Beijing,区块链,538,21,115.0,-12%
李如成,先生,71,中国-浙江-绍兴, ,雅戈尔,中国-浙江-宁波,China-Zhejiang,服装、房地产、投资,538,87,115.0,0%
李水波,先生,66,,,新莱洁净,中国-江苏-苏州,China-Jiangsu,洁净系统部件,538,861,115.0,130%
林来嵘,先生,54,中国-内蒙古-巴彦淖尔市, ,众兴,中国-天津,China-Tianjin,矿业,538,-158,115.0,-38%
刘伟,先生,35,,,米哈游,中国-上海,China-Shanghai,游戏,538,New,115.0,New
罗嘉瑞,先生,69,中国-香港,,鹰君,中国-香港,China-Hong Kong,房地产,538,21,115.0,-12%
孟庆山,先生,74,中国-河北, ,梅花,中国-河北-廊坊,China-Hebei,食用调味品,538,314,115.0,31%
潘刚,先生,52,中国-内蒙古-锡林郭勒盟,博士,伊利,中国-内蒙古-呼和浩特,China-Inner Mongolia,乳制品,538,87,115.0,0%
商晓波,先生,48,中国-浙江-绍兴, ,鸿路钢构,中国-安徽-合肥,China-Anhui,金属结构制造业,538,-26,115.0,-18%
施文博,先生,72,中国-福建-泉州, ,恒安,中国-福建-泉州,China-Fujian,个人护理用品,538,67,115.0,-4%
王剑峰,先生,52,,硕士,均胜投资,中国-浙江-宁波,China-Zhejiang,汽车零部件制造,538,743,115.0,105%
薛向东,先生,63,中国-山东-泰安,本科,东华软件,中国-北京,China-Beijing,软件与信息服务,538,-26,115.0,-18%
杨文龙,先生,60,中国-江西-宜春,硕士,仁和药业,中国-江西-宜春,China-Jiangxi,医药,538,44,115.0,-8%
叶帆,先生,50,,,美东汽车,中国-广东-东莞,China-Guangdong,汽车经销,538,-276,115.0,-53%
余竹云,先生,49,中国-浙江-衢州,,中环控股,中国-安徽-合肥,China-Anhui,建筑工程,538,1164,115.0,188%
张双旺,先生,79,中国-内蒙古-鄂尔多斯,本科,伊泰,中国-内蒙古-鄂尔多斯,China-Inner Mongolia,煤炭,538,371,115.0,44%
张学政,先生,47,,本科,闻泰科技,中国-浙江-嘉兴,China-Zhejiang,半导体,538,-188,115.0,-41%
赵鹏,先生,52,中国-山西-长治,,BOSS直聘,中国-北京,China-Beijing,招聘网站,538,-131,115.0,-34%
钟声坚,先生,64,中国-广东-汕尾, ,仁恒,中国-上海-浦东,China-Shanghai,房地产,538,2,115.0,-15%
曹克坚,先生,60,中国-浙江, ,开山控股,中国-浙江-衢州,China-Zhejiang,压缩机,564,135,110.0,10%
曾万辉,先生,54,中国-湖南, ,景嘉微,中国-湖南-长沙,China-Hunan,电子器件制造,564,-144,110.0,-35%
陈幼兴,先生,61,,,斯达半导,中国-浙江-嘉兴,China-Zhejiang,半导体,564,113,110.0,5%
程立力,先生,57,,硕士,立华股份,中国-江苏-常州,China-Jiangsu,畜牧,564,733,110.0,100%
董伟,先生,51,, ,恒瑞,中国-江苏-连云港,China-Jiangsu,医药,564,-52,110.0,-21%
何著胜,先生,75,中国-辽宁, ,后英,中国-辽宁-鞍山,China-Liaoning,耐火材料、钢铁、矿业,564,83,110.0,0%
金鑫,先生,55,,,大金重工,中国-辽宁-阜新,China-Liaoning,钢结构产品,564,962,110.0,139%
利蕴莲,先生,68,中国-香港,,希慎兴业,中国-香港,China-Hong Kong,房地产,564,61,110.0,-4%
林印孙,先生,58,中国-江西-抚州,硕士,正邦,中国-江西-南昌,China-Jiangxi,饲料、养殖,564,-262,110.0,-50%
罗阳勇,先生,47,,,安宁股份,中国-四川-攀枝花,China-Sichuan,钒钛磁铁矿,564,-173,110.0,-39%
潘政民,先生,55,中国-江苏,本科,瑞声科技,中国-广东-深圳,China-Guangdong,消费电子精密件,564,-284,110.0,-53%
苏志刚,先生,64,中国-广东-广州, ,长隆,中国-广东-广州,China-Guangdong,旅游,564,41,110.0,-8%
王明鎏,先生,39,中国-四川-成都,硕士,毛球科技,中国-四川-成都,China-Sichuan,投资、区块链、游戏,564,135,110.0,10%
王宁,先生,35,中国-河南-新乡,,泡泡玛特,中国-北京,China-Beijing,玩具,564,-372,110.0,-66%
王泽龙,先生,未知,, ,中核钛白,中国-广东-广州,China-Guangdong,钛白粉,564,-173,110.0,-39%
吴尚志,先生,72,中国-北京,博士,鼎晖,中国-北京,China-Beijing,投资,564,-24,110.0,-19%
吴仲毅,先生,49,, ,亿联网络,中国-福建-厦门,China-Fujian,通信,564,18,110.0,-12%
伍伟国,先生,52,中国-香港,,美心,中国-香港,China-Hong Kong,餐饮,564,135,110.0,10%
向文波,先生,60,中国-湖南-益阳,硕士,三一,中国-北京,China-Beijing,重型机械,564,198,110.0,15%
许树根,先生,57,中国-浙江,本科,鼎力,中国-浙江-湖州,China-Zhejiang,机械制造,564,-144,110.0,-35%
张涛,先生,50,中国-上海,硕士,美团,中国-北京,China-Beijing,生活服务,564,83,110.0,0%
章小华,先生,54,,,红狮控股,中国-浙江-金华,China-Zhejiang,水泥,564,135,110.0,10%
赵轶,先生,46,中国-浙江,本科,长川科技,中国-浙江-杭州,China-Zhejiang,半导体设备,564,345,110.0,38%
郑坚江,先生,61,中国-浙江-宁波, ,奥克斯,中国-浙江-宁波,China-Zhejiang,家电、房地产,564,-52,110.0,-21%
钟乃雄,先生,59,,硕士,能兴,中国-广东-佛山,China-Guangdong,房地产、投资,564,83,110.0,0%
周贤海,先生,61,中国-浙江, ,鼎胜实业,中国-浙江-杭州,China-Zhejiang,有色金属制品,564,135,110.0,10%
陈卓林,先生,60,中国-广东-中山,博士,雅居乐,中国-广东-广州,China-Guangdong,房地产,590,-50,105.0,-22%
刁志中,先生,59,,本科,广联达,中国-北京,China-Beijing,软件与信息服务,590,-8,105.0,-16%
杜伟民,先生,59,中国-江西-南昌, ,康泰生物,中国-广东-深圳,China-Guangdong,生物医药,590,-269,105.0,-50%
方玉友,先生,53,中国-浙江-温州, ,珀莱雅,中国-浙江-杭州,China-Zhejiang,化妆品,590,274,105.0,24%
高毅,先生,54,中国-湖南-常德, ,益丰药房,中国-湖南-长沙,China-Hunan,医药零售,590,109,105.0,5%
葛志勇,先生,52,中国-江苏-无锡,,奥特维,中国-江苏-无锡,China-Jiangsu,光伏设备,590,893,105.0,119%
耿建明,先生,60,中国-江苏-南京,博士,荣盛,中国-河北-廊坊,China-Hebei,房地产,590,-227,105.0,-45%
何涛,先生,42,,,圆心科技,中国-北京,China-Beijing,互联网医院,590,New,105.0,New
胡赓熙,先生,58,,博士,我武生物,中国-浙江-湖州,China-Zhejiang,医药,590,57,105.0,-5%
胡扬忠,先生,57,中国-湖北-武汉, ,海康威视,中国-浙江-杭州,China-Zhejiang,视频监控产品,590,-199,105.0,-42%
黄宏生,先生,66,中国-海南-临高,本科,创维,中国-广东-深圳,China-Guangdong,家用电器,590,707,105.0,91%
金磊,先生,57,,,长春高新,中国-吉林-长春,China-Jilin,生物制药,590,15,105.0,-13%
柯为湘,先生,71,中国-广东-潮州,,保利达,中国-香港,China-Hong Kong,房地产,590,176,105.0,11%
李国庆,先生,52,中国-浙江, ,荣盛控股,中国-浙江-杭州,China-Zhejiang,化纤,590,-124,105.0,-32%
李进,先生,60,中国-广西-来宾, ,李宁,中国-北京,China-Beijing,体育用品、投资,590,35,105.0,-9%
李永庆,先生,58,中国-浙江, ,荣盛控股,中国-浙江-杭州,China-Zhejiang,化纤,590,-124,105.0,-32%
林耀英,先生,89,,,大立光,中国-台湾-台北,China-Taipei,电子元件,590,-31,105.0,-19%
罗宇皓,先生,35,,,米哈游,中国-上海,China-Shanghai,游戏,590,New,105.0,New
毛中吾,先生,60,中国-湖南,本科,三一,中国-北京,China-Beijing,重型机械,590,172,105.0,9%
潘建清,先生,59,中国-浙江-嘉兴,,天通高新,中国-浙江-嘉兴,China-Zhejiang,光伏逆变器、电子材料,590,New,105.0,New
谭莉莉,先生,未知,, ,海大,中国-广东-广州,China-Guangdong,饲料,590,87,105.0,0%
王吉雷,先生,57,,,中通,中国-上海-青浦,China-Shanghai,快递,590,87,105.0,0%
王苗通,先生,65,中国-浙江,本科,世纪华通,中国-浙江-绍兴,China-Zhejiang,游戏,590,-8,105.0,-16%
王忆会,先生,未知,, ,嘉华东方,中国-北京,China-Beijing,投资,590,35,105.0,-9%
吴城,先生,未知,,,国城,中国-北京,China-Beijing,矿业,590,319,105.0,31%
夏信德,先生,58,,,鹏辉能源,中国-广东-广州,China-Guangdong,电池,590,1062,105.0,150%
许晨晔,先生,51,,硕士,腾讯,中国-广东-深圳,China-Guangdong,互联网服务,590,87,105.0,0%
许月娟,先生,未知,中国-浙江, ,荣盛控股,中国-浙江-杭州,China-Zhejiang,化纤,590,-124,105.0,-32%
闫希军,先生,69,中国-甘肃-庆阳,博士,天士力,中国-天津,China-Tianjin,医药,590,15,105.0,-13%
杨波,先生,41,,,禾迈股份,中国-浙江-杭州,China-Zhejiang,光伏逆变器,590,New,105.0,New
折生阳,先生,67,中国-陕西-西安,,铂力特,中国-陕西-西安,China-Shaanxi,金属增材制造,590,1267,105.0,192%
蔡华波,先生,46,,,江波龙,中国-广东-深圳,China-Guangdong,半导体,621,New,100.0,New
陈银河,先生,48,,本科,密尔克卫,中国-上海-浦东,China-Shanghai,化工供应链服务,621,352,100.0,33%
邓耀,先生,88,中国-香港,,百丽,中国-香港,China-Hong Kong,服装与配饰,621,26,100.0,-9%
段永平,先生,61,中国-江西-南昌,硕士,步步高,美国,USA,投资,621,-16,100.0,-17%
方洪波,先生,55,中国-安徽-安庆, ,美的,中国-广东-佛山,China-Guangdong,家电制造,621,56,100.0,-5%
管毅宏,先生,53,,,九毛九,中国-广东-广州,China-Guangdong,餐饮,621,-81,100.0,-26%
何朝曦,先生,48,, ,深信服,中国-广东-深圳,China-Guangdong,应用软件服务,621,-271,100.0,-49%
胡荣达,先生,63,中国-浙江, ,三美化工,中国-浙江-金华,China-Zhejiang,化工,621,-109,100.0,-29%
胡应湘,先生,87,中国-香港,,合和实业,中国-香港,China-Hong Kong,房地产、建筑工程,621,26,100.0,-9%
黄建勲,先生,57,, ,联泰,中国-广东-汕头,China-Guangdong,基础建设、房地产,621,660,100.0,79%
焦震,先生,56,,硕士,鼎晖,中国-北京,China-Beijing,投资,621,-39,100.0,-20%
井贤栋,先生,50,,硕士,阿里系,中国-浙江-杭州,China-Zhejiang,电子商务、金融科技,621,-39,100.0,-20%
孔健岷,先生,53,中国-广东,本科,合景泰富,中国-广东-广州,China-Guangdong,房地产,621,-271,100.0,-49%
寇晓康,先生,55,,,蓝晓科技,中国-陕西-西安,China-Shaanxi,新材料,621,288,100.0,25%
李登海,先生,73,中国-山东-烟台, ,登海种业,中国-山东-烟台,China-Shandong,农业,621,78,100.0,0%
李强,先生,未知,,,百雀羚,中国-上海,China-Shanghai,化妆品,621,78,100.0,0%
李思廉,先生,65,中国-香港,硕士,富力地产,中国-广东-广州,China-Guangdong,房地产,621,-81,100.0,-26%
梁桐灿,先生,未知,中国-广东-佛山,,宏宇,中国-广东-佛山,China-Guangdong,建筑陶瓷,621,26,100.0,-9%
梁信军,先生,54,中国-浙江-台州,本科,-,中国-上海,China-Shanghai,投资,621,-39,100.0,-20%
凌斌,先生,54,,,康冠科技,中国-广东-深圳,China-Guangdong,电子器件制造,621,New,100.0,New
刘晓东,先生,55,, ,百润,中国-上海-浦东,China-Shanghai,香料、酒业,621,-271,100.0,-49%
陆兆禧,先生,53,中国-广东-广州,本科,阿里系,中国-浙江-杭州,China-Zhejiang,电子商务、金融科技,621,4,100.0,-13%
牛宜顺,先生,67,中国-浙江-温州, ,华勤,中国-山东-济宁,China-Shandong,轮胎、输送带、电力,621,181,100.0,11%
潘龙泉,先生,59,,,泉峰,中国-江苏-南京,China-Nanjing,电动工具,621,New,100.0,New
任晋生,先生,60,中国-江苏-南京,,先声药业,中国-江苏-南京,China-Jiangsu,生物医药,621,181,100.0,11%
史英文,先生,57,中国-广西-南宁,硕士,荣和,中国-广西-南宁,China-Guangxi,房地产,621,-62,100.0,-23%
宋卫平,先生,64,中国-浙江-绍兴,本科,绿城,中国-浙江-杭州,China-Zhejiang,房地产,621,78,100.0,0%
孙勇坚,先生,56,, ,宝矿,中国-上海-闸北,China-Shanghai,地产、贸易,621,78,100.0,0%
王建东,先生,50,中国-河北-邯郸,,中建融东,中国-河北-邯郸,China-Hebei,钢铁,621,576,100.0,67%
王文彪,先生,63,中国-内蒙古,本科,亿利资源,中国-北京,China-Beijing,生态修复、光伏、投资,621,-289,100.0,-51%
徐冠巨,先生,61,中国-浙江-杭州,硕士,传化,中国-浙江-杭州,China-Zhejiang,化工、农业、投资,621,-146,100.0,-33%
徐少春,先生,59,中国-湖南-益阳,本科,金蝶国际,中国-广东-深圳,China-Guangdong,财务软件,621,-173,100.0,-38%
许庆奎,先生,未知,, ,九羊,中国-山东-莱芜,China-Shandong,钢铁、冶金、机械,621,-62,100.0,-23%
杨冰,先生,37,中国-江西-,,得物,中国-上海,China-Shanghai,电商,621,1989,100.0,355%
杨浩涌,先生,48,中国-安徽-合肥,硕士,车好多,中国-北京,China-Beijing,汽车服务,621,78,100.0,0%
叶德林,先生,54,中国-广东-佛山, ,新明珠,中国-广东-佛山,China-Guangdong,建筑陶瓷,621,New,100.0,New
兰春,先生,56,,,新英才,中国-北京,China-Beijing,教育、生物医药、房地产、投资,657,195,98.0,11%
袁桂宝,先生,未知,,,鸿宝集团,中国-河南-郑州,China-Henan,房地产、园林,657,252,98.0,23%
郑红,先生,72,, ,鸿远电子,中国-北京,China-Beijing,电子元器件,657,20,98.0,-7%
冯焕培,先生,56,, ,京运通,中国-北京,China-Beijing,光伏设备制造,660,-185,97.0,-35%
姚奎章,先生,57,, ,养元饮品,中国-河北-衡水,China-Hebei,饮料,660,-148,97.0,-31%
应书岭,先生,41,中国-上海,本科,英雄互娱,中国-北京,China-Beijing,电竞游戏,660,136,97.0,4%
常建鸣,先生,57,,,鸣志电器,中国-上海-闵行,China-Shanghai,控制电机,663,881,95.0,111%
陈建成,先生,63,中国-浙江-绍兴, ,卧龙控股,中国-浙江-绍兴,China-Zhejiang,电气设备、房地产,663,14,95.0,-10%
陈士良,先生,59,中国-浙江-嘉兴, ,桐昆,中国-浙江-嘉兴,China-Zhejiang,化纤、房地产,663,-231,95.0,-42%
戴文军,先生,54,中国-湖北-武汉, ,绝味,中国-湖南-长沙,China-Hubei,食品,663,-58,95.0,-21%
丁水波,先生,52,中国-福建-泉州, ,特步,中国-福建-泉州,China-Fujian,体育用品,663,-16,95.0,-14%
顾伟,先生,57,中国-江西-南昌,硕士,兆驰股份,中国-广东-深圳,China-Guangdong,消费电子产品,663,-151,95.0,-32%
黄光裕,先生,53,中国-广东-汕头, ,国美,中国-北京,China-Beijing,零售、房地产,663,-367,95.0,-58%
黄俊康,先生,67,中国-香港, ,莱蒙国际,中国-香港,China-Hong Kong,房地产,663,201,95.0,12%
姜龙,先生,48,,,歌尔股份,中国-山东-潍坊,China-Shandong,声学及多媒体产品,663,-38,95.0,-17%
姜银台,先生,72,,硕士,岱美股份,中国-上海-浦东,China-Shanghai,汽车内饰,663,201,95.0,12%
李国宝,先生,83,伦敦,,东亚银行,中国-香港,China-Hong Kong,银行业,663,36,95.0,-5%
李卫伟,先生,45,中国-四川-成都, ,三七互娱,中国-广东-广州,China-Guangdong,网络游戏,663,36,95.0,-5%
李缜,先生,58,, ,国轩高科,中国-安徽-合肥,China-Anhui,电池、房地产、影视、投资,663,-342,95.0,-55%
刘方毅,先生,52,,,英科医疗,中国-山东-淄博,China-Shandong,医疗器械,663,-300,95.0,-50%
刘革新,先生,71,中国-湖北, ,科伦药业,中国-四川-成都,China-Sichuan,制药、医药流通,663,201,95.0,12%
刘振东,先生,51,中国-河北-唐山, ,联东,中国-北京,China-Beijing,房地产,663,103,95.0,0%
卢宗俊,先生,59,,,中谷物流,中国-上海-浦东,China-Shanghai,物流,663,-167,95.0,-34%
陆克平,先生,78,中国-江苏-无锡, ,江苏阳光,中国-江苏-无锡,China-Jiangsu,服装纺织、生物医药、投资,663,103,95.0,0%
秦龙,先生,57,,,森麒麟,中国-山东-青岛,China-Shandong,轮胎,663,244,95.0,16%
是玉峰,先生,46,,,派克新材,中国-江苏-无锡,China-Jiangsu,金属锻件,663,460,95.0,46%
陶诚,先生,47,,,铭利达,中国-广东-深圳,China-Guangdong,设备制造,663,New,95.0,New
王慧文,先生,44,, ,美团,中国-北京,China-Beijing,生活服务,663,-38,95.0,-17%
王文渊,先生,75,中国-台湾-台北,,台塑,中国-台湾-高雄,China-Taipei,化工,663,36,95.0,-5%
翁先定,先生,61,,,新产业,中国-广东-深圳,China-Guangdong,医疗器械,663,-38,95.0,-17%
徐万茂,先生,77,中国-浙江-宁波, ,华茂,中国-浙江-宁波,China-Zhejiang,文具、教育、房地产、金融,663,103,95.0,0%
许昆泰,先生,66,中国-台湾,,蓝天,中国-台湾-台北,China-Taipei,消费电子产品,663,139,95.0,6%
许志翰,先生,50,,硕士,卓胜微,中国-江苏-无锡,China-Jiangsu,电子器件制造,663,-300,95.0,-50%
严陈莉莲,先生,57,中国-台湾,,裕隆,中国-台湾-新北,China-New Taipei,汽车,663,36,95.0,-5%
张国标,先生,62,中国-浙江-杭州,,富春,中国-上海,China-Shanghai,投资,663,-16,95.0,-14%
张世龙,先生,56,,博士,圣邦,中国-北京,China-Beijing,模拟芯片,663,-313,95.0,-51%
张伟祥,先生,未知,中国-浙江-绍兴,,建龙,中国-北京,China-Beijing,钢铁、矿业、船运,663,246,95.0,19%
张轩松,先生,51,中国-福建-福州, ,永辉,中国-福建-福州,China-Fujian,超市零售,663,103,95.0,0%
周文,先生,57,,博士,普利特,中国-上海-青浦,China-Shanghai,塑料制造、汽车配件,663,246,95.0,19%
周镇科,先生,47,中国-广东-汕头,本科,大晟文化,中国-广东-深圳,China-Guangdong,文化娱乐,663,103,95.0,0%
陈泽民,先生,79,中国-重庆-江津,本科,三全食品,中国-河南-郑州,China-Henan,食品,697,347,93.0,33%
钱晓均,先生,47,,,国联,中国-北京,China-Beijing,电子商务,697,397,93.0,37%
万隆,先生,82,中国-河南-漯河, ,双汇,中国-河南-郑州,China-Henan,食品,697,105,93.0,3%
李小明,先生,61,中国-湖南-湘潭,博士,帝海,中国-北京,China-Beijing,房地产,700,59,92.0,-5%
刘泉,先生,46,,,国联,中国-北京,China-Beijing,电子商务,700,402,92.0,37%
张大中,先生,74,中国-北京, ,大中,中国-北京,China-Beijing,投资,700,96,92.0,-1%
安治富,先生,76,中国-四川,本科,富临,中国-四川-绵阳,China-Sichuan,房地产、运输,703,-323,90.0,-51%
蔡明通,先生,70,,硕士,火炬电子,中国-福建-泉州,China-Fujian,电子元器件,703,-163,90.0,-33%
曾开天,先生,未知,,本科,三七互娱,中国-广东-广州,China-Guangdong,网络游戏,703,63,90.0,-5%
陈得福,先生,74,中国-台湾-嘉义,,仙妮雷德,美国-洛杉矶,Los Angeles,医疗保健,703,99,90.0,0%
陈德军,先生,52,中国-浙江-杭州,本科,申通快递,中国-上海-青浦,China-Shanghai,物流,703,420,90.0,38%
董清世,先生,56,,,信义,中国-香港,China-Hong Kong,玻璃,703,-191,90.0,-36%
黄仕坤,先生,未知,, ,金雅福,中国-广东-深圳,China-Guangdong,金饰,703,63,90.0,-5%
吉学文,先生,60,中国-吉林-长春,,德方纳米,中国-广东-深圳,China-Guangdong,特种化工,703,161,90.0,6%
柯桂华,先生,57,,,科博达,中国-上海-浦东,China-Shanghai,汽车电子产品,703,99,90.0,0%
励建立,先生,50,,,科达利,中国-广东-深圳,China-Guangdong,锂电池结构件,703,-26,90.0,-14%
缪双大,先生,71,中国-江苏-无锡, ,双良,中国-江苏-无锡,China-Jiangsu,空调设备,703,266,90.0,18%
荣智健,先生,80,中国-上海,本科,中信泰富,中国-香港,China-Hong Kong,投资、房地产,703,-121,90.0,-28%
阮水龙,先生,87,中国-山东-济宁, ,龙盛,中国-浙江-绍兴,China-Zhejiang,化工、钢铁,703,-191,90.0,-36%
沈汉标,先生,50,中国-广东-汕头, ,好太太,中国-广东-广州,China-Guangdong,耐用消费品,703,161,90.0,6%
施慧勇,先生,56,,,拱东医疗,中国-浙江-台州,China-Zhejiang,医疗用品,703,270,90.0,20%
宋飞,先生,56,,本科,艾迪精密,中国-山东-烟台,China-Shandong,机械制造,703,-323,90.0,-51%
孙惠刚,先生,未知,,,万华化学,中国-山东-烟台,China-Shandong,投资,703,-4,90.0,-10%
孙清焕,先生,49,中国-江西-宜春,本科,木林森,中国-广东-中山,China-Guangdong,光学光电,703,-207,90.0,-38%
孙伟杰,先生,59,中国-山东, ,杰瑞石油,中国-山东-烟台,China-Shandong,石油专用设备,703,-26,90.0,-14%
孙喜双,先生,69,中国-吉林, ,一方,中国-北京,China-Beijing,房地产、投资,703,59,90.0,-6%
孙毅,先生,55,中国-浙江,硕士,浙富控股,中国-浙江-杭州,China-Zhejiang,清洁能源装备,703,-191,90.0,-36%
汪顾亦珍,先生,105,中国-香港,,德昌电机,中国-香港,China-Hong Kong,工业产品,703,-98,90.0,-25%
王晖,先生,61,,,盛美半导体,中国-上海-浦东,China-Shanghai,半导体,703,New,90.0,New
王文杉,先生,52,中国-台湾-台中,,联合报业,中国-台湾-台北,China-Taiwan,媒体,703,99,90.0,0%
吴波,先生,68,中国-江苏-南京,硕士,埃斯顿,中国-江苏-南京,China-Jiangsu,机械装备制造,703,-56,90.0,-18%
吴凯庭,先生,未知,中国-福建-漳州, ,万利达,中国-福建-漳州,China-Fujian,电子信息产品,703,-191,90.0,-36%
吴培服,先生,61,中国-江苏-宿迁, ,双星新材,中国-江苏-宿迁,China-Jiangsu,包装材料、印刷品,703,-163,90.0,-33%
夏鼎湖,先生,78,中国-安徽,硕士,中鼎,中国-安徽-宣城,China-Anhui,橡胶和塑料制品业,703,63,90.0,-5%
徐炳忠,先生,48,中国-湖北-恩施,,海伦司,中国-广东-深圳,China-Guangdong,连锁酒馆,703,-271,90.0,-45%
徐国忠,先生,59,, ,江苏国茂,中国-江苏-常州,China-Jiangsu,设备制造,703,-271,90.0,-45%
徐延铭,先生,56,中国-黑龙江-哈尔滨,,珠海冠宇,中国-广东-珠海,China-Guangdong,锂电池,703,New,90.0,New
许世俊,先生,59,,,海力风电,中国-江苏-南通,China-Jiangsu,风电设备,703,New,90.0,New
杨志茂,先生,59,中国-广东-东莞,本科,新世纪科教,中国-广东-东莞,China-Guangdong,投资,703,-26,90.0,-14%
叶国富,先生,45,中国-湖北-十堰, ,名创优品,中国-广东-广州,China-Guangdong,新零售,703,-296,90.0,-49%
袁莉萍,先生,51,,,康泰生物,中国-广东-深圳,China-Guangdong,生物医药,703,-296,90.0,-49%
张跃,先生,62,中国-湖南-长沙, ,远大,中国-湖南-长沙,China-Hunan,环保建筑,703,-56,90.0,-18%
周宗文,先生,65,, ,周大生,中国-广东-深圳,China-Guangdong,珠宝,703,-228,90.0,-40%
李金阳,女士,未知,,,赤峰黄金,中国-内蒙古-赤峰,China-Inner Mongolia,金矿,740,112,88.0,0%
朱一明,先生,50,,硕士,兆易创新,中国-北京,China-Beijing,芯片研发,740,-63,88.0,-16%
吴东进,先生,77,中国-台湾-台北,,新光,中国-台湾-台北,China-Taiwan,金融、医院,742,60,87.0,-3%
陈刚,先生,54,,,爱旭股份,中国-上海-浦东,China-Shanghai,太阳能电池,743,16,85.0,-12%
陈生强,先生,46,,,京东数科,中国-北京,China-Beijing,数字科技,743,121,85.0,0%
陈世卿,先生,73,中国-台湾-台北,,大立光,中国-台湾-台北,China-Taipei,电子元件,743,-44,85.0,-15%
陈仕荣,先生,未知,中国-台湾,,丰泰,中国-台湾-斗六,China-Taiwan,运动鞋,743,-44,85.0,-15%
成三荣,先生,59,,,沪光股份,中国-江苏-苏州,China-Jiangsu,汽车配件,743,740,85.0,77%
褚健,先生,59,,,中控技术,中国-浙江-杭州,China-Zhejiang,软件系统,743,-44,85.0,-15%
戴文渊,先生,39,中国-江苏-苏州,,第四范式,中国-北京,China-Beijing,人工智能,743,New,85.0,New
邓洪九,先生,52,中国-重庆,,洪九果品,中国-重庆,China-Chongqing,生鲜零售,743,New,85.0,New
邓颖忠,先生,71,中国-广东, ,中顺洁柔,中国-广东-中山,China-Guangdong,生活用纸,743,-118,85.0,-26%
郭建刚,先生,56,中国-广东-佛山, ,新宝电器,中国-广东-佛山,China-Guangdong,小家电,743,59,85.0,-6%
何祖训,先生,57,中国-云南-曲靖,,神农集团,中国-云南-昆明,China-Yunnan,畜牧,743,59,85.0,-6%
黄金祥,先生,57,中国-安徽-宣城, ,安徽广信,中国-安徽-宣城,China-Anhui,农药化肥、房地产,743,59,85.0,-6%
柯希平,先生,62,中国-福建-泉州,本科,恒兴实业,中国-福建-厦门,China-Fujian,投资、地产,743,59,85.0,-6%
柯尊洪,先生,68,中国-四川-雅安,本科,康弘药业,中国-四川-成都,China-Sichuan,制药,743,-96,85.0,-23%
黎旭晖,女士,54,中国-广东-广州, ,海天味业,中国-广东-佛山,China-Guangdong,调味品,743,-44,85.0,-15%
李阔,先生,未知,,,白贝壳,中国-浙江-杭州,China-Zhejiang,母婴产品,743,212,85.0,9%
李晓林,先生,69,中国-北京,博士,林达,中国-北京,China-Beijing,房地产、投资,743,121,85.0,0%
刘明辉,先生,59,中国-香港,,中国燃气,中国-香港,China-Hong Kong,能源,743,-247,85.0,-41%
刘世琦,先生,57,,,万润新能,中国-湖北-武汉,China-Hubei,锂电池,743,New,85.0,New
刘伟,先生,57,中国-广东-梅州,本科,佳都科技,中国-广东-广州,China-Guangdong,软件和信息技术,743,59,85.0,-6%
罗智先,先生,66,中国-台湾-台南,,统一,中国-台湾-台南,China-Tainan,食品和饮料,743,121,85.0,0%
苗拥军,先生,55,中国-河南-郑州,硕士,安图生物,中国-河南-郑州,China-Henan,医药制造业,743,121,85.0,0%
聂云宸,先生,31,,,喜茶,中国-广东-深圳,China-Guangdong,餐饮,743,-44,85.0,-15%
彭军,先生,未知,,,小马智行,美国-旧金山,San Francisco,自动驾驶技术,743,646,85.0,67%
申东日,先生,50,中国-黑龙江-绥化, ,朗姿,中国-北京,China-Beijing,服装,743,-44,85.0,-15%
盛百椒,先生,70,中国-上海,本科,百丽,中国-广东-深圳,China-Guangdong,鞋业,743,118,85.0,-1%
孙怀庆,先生,53,中国-重庆, ,丸美,中国-广东-广州,China-Guangdong,化妆品,743,-118,85.0,-26%
唐敖齐,先生,77,,,新泉股份,中国-江苏-常州,China-Jiangsu,汽车配饰,743,614,85.0,60%
陶意,先生,未知,,,波克,中国-上海,China-Shanghai,游戏,743,New,85.0,New
王文潮,先生,71,中国-台湾-台北,,台塑,中国-台湾-高雄,China-Taipei,化工,743,59,85.0,-6%
王信文,先生,35,,,莉莉丝,中国-上海,China-Shanghai,游戏,743,New,85.0,New
熊武,先生,46,,本科,深信服,中国-广东-深圳,China-Guangdong,应用软件服务,743,-323,85.0,-50%
徐观宝,先生,65,中国-浙江-杭州, ,传化,中国-浙江-杭州,China-Zhejiang,化工、农业、投资,743,-161,85.0,-32%
许江南,先生,60,,,天新药业,中国-江西-景德镇,China-Jiangxi,医药,743,New,85.0,New
姚俊良,先生,69,, ,美锦能源,中国-山西-太原,China-Shanxi,煤炭,743,-44,85.0,-15%
叶燕桥,先生,53,中国-广东-广州, ,海天味业,中国-广东-佛山,China-Guangdong,调味品,743,-44,85.0,-15%
袁仲雪,先生,67,,,赛轮轮胎,中国-山东-青岛,China-Shandong,轮胎,743,299,85.0,20%
张波,先生,未知,, ,美团,中国-北京,China-Beijing,生活服务,743,121,85.0,0%
张建国,先生,59,中国-广东-茂名,,九丰能源,中国-广东-广州,China-Guangdong,能源,743,New,85.0,New
张晋芳,先生,37,中国-山西-忻州,,集创北方,中国-北京,China-Beijing,集成电路,743,New,85.0,New
张俏英,先生,66,中国-香港,,力劲科技,中国-香港,China-Hong Kong,机械制造,743,-268,85.0,-43%
张思民,先生,60,中国-吉林-长春,本科,海王,中国-广东-深圳,China-Guangdong,医药、房地产,743,59,85.0,-6%
周剑,先生,46,中国-上海, ,优必选,中国-广东-深圳,China-Guangdong,机器人,743,-138,85.0,-29%
竺兆江,先生,49,, ,传音,中国-广东-深圳,China-Guangdong,消费电子产品,743,-295,85.0,-47%
陈天石,先生,37,,,寒武纪,中国-北京,China-Beijing,人工智能芯片,787,-110,83.0,-21%
彭永东,先生,43,,,贝壳,中国-北京,China-Beijing,房地产服务,787,865,83.0,98%
甘忠如,先生,74,,,甘李药业,中国-北京,China-Beijing,生物制药,789,-341,82.0,-49%
刘爱森,先生,50,,硕士,森特股份,中国-北京,China-Beijing,建筑装饰,789,-27,82.0,-15%
卢荣富,先生,51,,本科,亿联网络,中国-福建-厦门,China-Fujian,通信,789,-23,82.0,-14%
俞敏洪,先生,60,中国-江苏-无锡,本科,新东方,中国-北京,China-Beijing,教育,789,184,82.0,9%
苏纯兴,先生,未知,中国-台湾-台北,,和泰汽车,中国-台湾-台北,China-Taiwan,汽车零售,793,71,81.0,-5%
严俊旭,先生,53,中国-上海, ,天顺风能,中国-江苏-苏州,China-Jiangsu,风电设备、船舶设备,793,-94,81.0,-19%
艾立华,先生,64,中国-湖南-益阳, ,艾华,中国-湖南-益阳,China-Hunan,电容器制造,795,-29,80.0,-16%
方同华,先生,59,中国-安徽-毫州,硕士,珍宝岛药业,中国-黑龙江-鸡西,China-Heilongjiang,医药,795,-96,80.0,-20%
付胜龙,先生,60,中国-湖南-邵阳,,大汉控股,中国-湖南-邵阳,China-Hunan,钢材贸易、房地产,795,178,80.0,7%
何人宝,先生,57,中国-浙江, ,永太科技,中国-浙江-台州,China-Zhejiang,化工,795,-445,80.0,-59%
侯昌财,先生,66,中国-福建-泉州, ,源昌,中国-福建-厦门,China-Fujian,房地产,795,-96,80.0,-20%
黄民奇,先生,70,中国-台湾,,汉辰科技,中国-台湾-台北,China-Taiwan,半导体,795,249,80.0,14%
江南,先生,59,中国-山东-济南, ,圣丰,中国-广东-广州,China-Guangdong,房地产、工业制造,795,178,80.0,7%
姜桂廷,先生,64,,本科,景津环保,中国-山东-德州,China-Shandong,设备制造,795,110,80.0,-4%
姜雪飞,先生,53,中国-辽宁-大连, ,崇达科技,中国-广东-深圳,China-Guangdong,印刷电路板,795,69,80.0,-6%
蒋锡培,先生,59,中国-江苏-无锡, ,智慧能源,中国-江苏-无锡,China-Jiangsu,电缆、医药、房地产,795,114,80.0,0%
赖苗,先生,未知,,,景田,中国-广东-深圳,China-Guangdong,饮料,795,240,80.0,11%
李保平,先生,62,中国-陕西, ,黄河矿业,中国-陕西-渭南,China-Shaanxi,煤炭,795,-190,80.0,-33%
李文,先生,52,中国-河南-新乡,,奥特维,中国-江苏-无锡,China-Jiangsu,光伏设备,795,604,80.0,60%
梁安琪,女士,61,中国-广东-广州,,澳博,中国-香港,China-Hong Kong,博彩,795,160,80.0,3%
林海川,先生,50,中国-广东-东莞,硕士,宏川,中国-广东-东莞,China-Guangdong,仓储物流,795,402,80.0,33%
林晓辉,先生,49,,,伟禄,中国-香港,China-Hong Kong,投资、房地产,795,328,80.0,23%
刘銮鸿,先生,69,中国-香港,,利福国际,中国-香港,China-Hong Kong,房地产,795,114,80.0,0%
刘庆峰,先生,49,中国-安徽-宣城,博士,科大讯飞,中国-安徽-合肥,China-Anhui,软件和信息技术服务业,795,-148,80.0,-27%
卢治临,先生,39,中国-湖南-岳阳,,奥普特,中国-广东-东莞,China-Guangdong,消费电子产品,795,-170,80.0,-30%
吕培榕,先生,63,中国-福建-泉州, ,大帝,中国-福建-泉州,China-Fujian,投资、房地产、服装,795,114,80.0,0%
裘国根,先生,53,中国-浙江-绍兴,本科,重阳投资,中国-上海-浦东,China-Shanghai,投资,795,-29,80.0,-16%
邵晓峰,先生,57,中国-浙江-杭州, ,阿里系,中国-浙江-杭州,China-Zhejiang,电子商务、金融科技,795,-96,80.0,-20%
沈晖,先生,未知,中国-上海,硕士,威马汽车,中国-上海-青浦,China-Shanghai,新能源汽车,795,114,80.0,0%
石俊峰,先生,57,,,龙蟠科技,中国-江苏-南京,China-Jiangsu,车用环保化学品,795,-213,80.0,-36%
石克荣,先生,65,中国-河北-廊坊, ,汇福,中国-河北-廊坊,China-Beijing,食品,795,7,80.0,-11%
万峰,先生,79,,硕士,华测检测,中国-广东-深圳,China-Guangdong,生命科学检测,795,69,80.0,-6%
汪东颖,先生,56,中国-甘肃-兰州, ,纳思达,中国-广东-珠海,China-Guangdong,打印设备,795,688,80.0,67%
王富济,先生,未知,, ,片仔癀,中国-福建-漳州,China-Fujian,医药,795,7,80.0,-11%
王恒,先生,74,中国-广东-广州,,金鹰,中国-江苏-南京,China-Taiwan,零售、房地产,795,-29,80.0,-16%
王仕锐,先生,35,,,医联,中国-四川-成都,China-Sichuan,医疗服务,795,New,80.0,New
王文洋,先生,71,中国-台湾-新北,,宏仁,中国-广东-广州,China-Guangdong,化学原料,795,66,80.0,-7%
余海军,先生,48,中国-浙江-绍兴,本科,宝利德,中国-浙江-杭州,China-Zhejiang,汽车销售,795,178,80.0,7%
张华,先生,未知,,,福华,中国-四川-成都,China-Sichuan,农业、造纸、矿产,795,-96,80.0,-20%
张立国,先生,58,,,敷尔佳,中国-黑龙江-哈尔滨,China-Heilongjiang,面膜,795,New,80.0,New
张曦,先生,48,,硕士,国瓷材料,中国-山东-东营,China-Shandong,陶瓷,795,-96,80.0,-20%
郑永刚,先生,64,中国-江苏-南京,硕士,杉杉,中国-上海-浦东,China-Shanghai,锂电池、服装、投资,795,-255,80.0,-41%
周国辉,先生,57,中国-广东-梅州, ,怡亚通,中国-广东-深圳,China-Guangdong,供应链,795,7,80.0,-11%
周明杰,先生,65,中国-湖南-长沙,硕士,海洋王,中国-广东-深圳,China-Guangdong,特殊环境照明设备,795,-148,80.0,-27%
周伟健,先生,未知,, ,美涂士,中国-广东-广州,China-Guangdong,墙面保护装饰,795,178,80.0,7%
朱敏,先生,74,中国-浙江-宁波,硕士,赛伯乐,中国-浙江-杭州,China-Zhejiang,投资,795,-96,80.0,-20%
朱兴良,先生,63,中国-江苏-苏州, ,金螳螂,中国-江苏-苏州,China-Jiangsu,建筑,795,-118,80.0,-24%
卓志哲,先生,未知,中国-台湾-鹿港,,联发科技,中国-台湾-新竹,China-Hsinchu,半导体,795,7,80.0,-11%
王佳,先生,53,中国-云南-昆明,硕士,启明星辰,中国-北京,China-Beijing,网络安全,837,-138,79.0,-21%
徐勇,先生,58,中国-河南,博士,百度,中国-北京,China-Beijing,网络信息服务,837,14,79.0,-11%
钟宝申,先生,55,,,隆基,中国-陕西-西安,China-Shaanxi,硅材料,837,72,79.0,-1%
包松安,先生,未知,中国-浙江-温州, ,亿联投资,中国-天津,China-Tianjin,房地产、投资,840,65,78.0,-6%
欧雷强,先生,54,美国,硕士,百济神州,中国-北京,China-Beijing,医药,840,-392,78.0,-51%
王雪红,先生,64,中国-台湾-新北,,宏达,中国-台湾-桃园,China-Taiwan,电子信息,840,784,78.0,81%
吴东亮,先生,未知,中国-台湾-台北,,新光,中国-台湾-台北,China-Taiwan,金融,843,66,76.0,-5%
蔡宏柱,先生,71,中国-湖北-宜昌, ,稻花香,中国-湖北-宜昌,China-Hubei,白酒,844,-219,75.0,-35%
岑钊雄,先生,52,中国-广东-佛山,硕士,时代中国,中国-广东-广州,China-Guangdong,房地产,844,-304,75.0,-44%
陈保华,先生,60,中国-浙江-台州,本科,华海药业,中国-浙江-台州,China-Zhejiang,医药,844,271,75.0,14%
陈奇星,先生,63,, ,长盈精密,中国-广东-深圳,China-Guangdong,电子元件,844,-42,75.0,-17%
杜玉林,先生,50,中国-湖北-武汉,,中望软件,中国-广东-广州,China-Guangdong,行业专用软件,844,-219,75.0,-35%
冯国纶,先生,74,中国-广东-江门,,利丰,中国-香港,China-Hong Kong,物流,844,200,75.0,7%
冯小华,先生,66,中国-广东-梅州,本科,洋浦南华糖业,中国-广西-南宁,China-Guangxi,制糖业,844,129,75.0,0%
胡葆森,先生,72,中国-河南-濮阳,本科,建业,中国-河南-郑州,China-Henan,房地产,844,-262,75.0,-40%
胡成中,先生,61,中国-浙江-温州,硕士,德力西,中国-浙江-温州,China-Zhejiang,工业电器、房地产,844,430,75.0,32%
黄小芬,女士,59,中国-广东-深圳, ,景旺电子,中国-广东-深圳,China-Guangdong,印刷电路板,844,20,75.0,-12%
黄子欣,先生,73,,,伟易达,中国-香港,China-Hong Kong,消费品,844,20,75.0,-12%
柯金龙,先生,52,中国-广东-茂名, ,大参林,中国-广东-广州,China-Guangdong,医药,844,20,75.0,-12%
柯康保,先生,59,中国-广东-茂名, ,大参林,中国-广东-广州,China-Guangdong,医药,844,20,75.0,-12%
柯云峰,先生,55,中国-广东-湛江,硕士,大参林,中国-广东-广州,China-Guangdong,医药,844,20,75.0,-12%
黎经华,先生,60,, ,罗浮宫家居,中国-广东-佛山,China-Guangdong,家具零售,844,129,75.0,0%
李海周,先生,52,中国-广东-梅州,,兆威机电,中国-广东-深圳,China-Guangdong,电气设备,844,121,75.0,-3%
李立新,先生,55,中国-浙江, ,利时,中国-浙江-宁波,China-Zhejiang,塑胶产品、商业连锁、投资,844,20,75.0,-12%
李平,先生,58,中国-江西-赣州,硕士,天高,中国-广东-广州,China-Guangdong,矿业开发、冶金贸易,844,129,75.0,0%
李瑞强,先生,43,中国-江苏-盐城,,诺禾致源,中国-北京,China-Beijing,基因组学解决方案,844,-197,75.0,-32%
林建伟,先生,56,, ,中来股份,中国-江苏-苏州,China-Jiangsu,太阳能材料,844,65,75.0,-6%
楼天城,先生,未知,,,小马智行,美国-旧金山,San Francisco,自动驾驶技术,844,755,75.0,70%
卢盛林,先生,42,中国-湖南-岳阳,,奥普特,中国-广东-东莞,China-Guangdong,消费电子产品,844,-197,75.0,-32%
陆风,先生,54,, ,万得资讯,中国-上海-浦东,China-Shanghai,数据服务,844,129,75.0,0%
吕绍林,先生,49,中国-湖南-邵阳,,博众精工,中国-江苏-苏州,China-Jiangsu,自动化设备,844,-348,75.0,-48%
茹伯兴,先生,75,中国-江苏-常州,本科,百兴,中国-江苏-常州,China-Jiangsu,工业制造、房地产,844,129,75.0,0%
沈亚,先生,51,中国-浙江-温州,本科,唯品会,中国-广东-广州,China-Guangdong,新零售,844,65,75.0,-6%
宋睿,先生,47,中国-四川, ,云图控股,中国-四川-成都,China-Sichuan,化工,844,-197,75.0,-32%
孙洪军,先生,49,中国-辽宁-铁岭,,艾为电子,中国-上海,China-Shanghai,芯片,844,-412,75.0,-55%
王力展,先生,未知,, ,海天味业,中国-广东-佛山,China-Guangdong,调味品,844,-42,75.0,-17%
王文城,先生,未知,中国-广东, ,大中,中国-广东-东莞,China-Guangdong,石材、房地产,844,129,75.0,0%
王义平,先生,61,中国-浙江, ,继峰股份,中国-浙江-宁波,China-Zhejiang,汽车零部件,844,200,75.0,7%
王振滔,先生,57,中国-浙江-温州, ,奥康,中国-浙江-温州,China-Zhejiang,鞋业、地产,844,65,75.0,-6%
魏学专,先生,69,中国-山东-淄博,,汇丰石化,中国-山东-淄博,China-Shandong,化工,844,258,75.0,12%
温纯青,先生,51,中国-广东-梅州, ,大百汇,中国-广东-深圳,China-Guangdong,烟草、房地产、白酒,844,412,75.0,29%
熊凤祥,先生,75,,,君实生物,中国-上海-浦东,China-Shanghai,生物医疗,844,20,75.0,-12%
姚劲波,先生,46,中国-湖南-益阳,本科,58同城,中国-北京,China-Beijing,生活服务,844,121,75.0,-3%
姚良柏,先生,53,中国-广东-广州, ,欧派家居,中国-广东-广州,China-Guangdong,橱柜,844,129,75.0,0%
叶国一,先生,81,中国-台湾,,英业达,中国-台湾-台北,China-Taipei,电脑产品,844,8,75.0,-15%
袁永彬,先生,60,,,伯特利,中国-安徽-芜湖,China-Anhui,汽车配件,844,682,75.0,63%
张邦鑫,先生,42,中国-江苏,硕士,好未来,中国-北京,China-Beijing,教育,844,430,75.0,32%
张洪本,先生,76,中国-台湾,,日月光,中国-台湾-高雄,China-Taiwan,工业品、房地产,844,-145,75.0,-25%
张兴礼,先生,65,中国-重庆, ,小康控股,中国-重庆,China-Chongqing,汽车、汽车零配件,844,-145,75.0,-25%
张兴明,先生,65,中国-重庆, ,小康控股,中国-重庆,China-Chongqing,汽车、汽车零配件,844,-145,75.0,-25%
赵凯,先生,未知,, ,成都环球世纪,中国-四川-成都,China-Sichuan,房地产,844,200,75.0,7%
赵延平,先生,54,中国-吉林,本科,华测导航,中国-上海-青浦,China-Shanghai,卫星导航,844,279,75.0,15%
赵曰岭,先生,70,中国-山东, ,金岭,中国-山东-东营,China-Shandong,化工,844,-48,75.0,-19%
卓军,女士,未知,中国-香港, ,景旺电子,中国-广东-深圳,China-Guangdong,印刷电路板,844,20,75.0,-12%
孙任靖,先生,58,,,三孚,中国-河北-唐山,China-Hebei,化工,891,-90,74.0,-19%
曹国伟,先生,57,中国-上海,硕士,微博,中国-北京,China-Beijing,传媒娱乐,892,1107,73.0,121%
吴宝田,先生,71,,,丽宝,中国-台湾-台北,China-Taiwan,房地产、酒店,892,81,73.0,-3%
昌敬,先生,40,,,石头科技,中国-北京,China-Beijing,智能机器人,894,-289,72.0,-40%
辜侯天仪,先生,未知,,,台泥,中国-台湾-台北,China-Taiwan,水泥,894,-30,72.0,-15%
李世伦,先生,60,,,晶盛机电,中国-浙江-绍兴,China-Zhejiang,机电设备,894,200,72.0,6%
李添财,先生,84,,,金车,中国-台湾-台北,China-Taiwan,食品饮料,894,141,72.0,0%
刘延云,先生,55,,,千喜鹤,中国-北京,China-Beijing,餐饮,894,301,72.0,18%
叶琼玖,先生,68,中国-浙江-宁波, ,同花顺,中国-浙江-杭州,China-Zhejiang,软件,894,-217,72.0,-31%
万永兴,先生,51,, ,中瑞,中国-河南-郑州,China-Henan,煤炭供应链管理、房地产,900,223,71.0,9%
蔡其瑞,先生,71,中国-台湾,,宝成,中国-台湾-台中,China-Taiwan,服装,901,143,70.0,0%
蔡镇球,先生,57,中国-台湾-台北,,霖园,中国-台湾-台北,China-Taipei,金融服务,901,8,70.0,-13%
陈睿,先生,44,中国-四川-成都,本科,哔哩哔哩,中国-上海-杨浦,China-Shanghai,视频弹幕网站,901,-654,70.0,-73%
陈雪玲,先生,55,中国-广东-汕头, ,晨光,中国-上海-奉贤,China-Shanghai,文具用品制造,901,-135,70.0,-26%
陈育宣,先生,56,中国-江西-九江, ,电连技术,中国-广东-深圳,China-Guangdong,电子元件连接器,901,72,70.0,-7%
陈卓贤,先生,55,中国-广东-中山, ,雅居乐,中国-广东-广州,China-Guangdong,房地产,901,-135,70.0,-26%
戴学斌,先生,43,中国-四川, ,蓝润实业,中国-四川-成都,China-Sichuan,房地产、投资,901,-276,70.0,-39%
丁佐宏,先生,60,中国-江苏-南通,硕士,月星,中国-上海-普陀,China-Shanghai,房地产、零售、制造,901,143,70.0,0%
方展城,先生,未知,, ,海天味业,中国-广东-佛山,China-Guangdong,调味品,901,-40,70.0,-19%
高利民,先生,67,,,海利得,中国-浙江-嘉兴,China-Zhejiang,新材料,901,New,70.0,New
韩玉龙,先生,37,中国-江苏-南通,,Manner,中国-上海,China-Shanghai,餐饮,901,1000,70.0,100%
何亚民,先生,65,中国-四川, ,利君股份,中国-四川-成都,China-Sichuan,机械制造,901,-276,70.0,-39%
黄炳文,先生,68,, ,东风印刷,中国-广东-汕头,China-Guangdong,印刷,901,-99,70.0,-22%
黄文彪,先生,55,,,海天味业,中国-广东-佛山,China-Guangdong,调味品,901,-44,70.0,-20%
黄泽兰,先生,67,中国-江西-赣州, ,章源钨业,中国-江西-赣州,China-Jiangxi,钨矿,901,-37,70.0,-18%
金立国,先生,49,中国-辽宁-葫芦岛,,怡合达,中国-广东-东莞,China-Guangdong,自动化设备,901,-99,70.0,-22%
孔令涌,先生,44,中国-云南-曲靖,,德方纳米,中国-广东-深圳,China-Guangdong,特种化工,901,193,70.0,3%
赖国贵,先生,58,,,春风控股集团,中国-浙江-杭州,China-Zhejiang,摩托车,901,296,70.0,17%
李碧云,女士,未知,,,贝泰妮,中国-云南-昆明,China-Yunnan,护肤品,901,143,70.0,0%
李东生,先生,65,中国-广东-惠州,本科,TCL,中国-广东-惠州,China-Guangdong,家用电器及半导体产品,901,-202,70.0,-30%
李金元,先生,64,中国-河北-沧州, ,天狮,中国-天津,China-Tianjin,保健品,901,-202,70.0,-30%
李新炎,先生,71,中国-福建-泉州, ,中国龙工,中国-上海-松江,China-Shanghai,重型工程用车,901,-202,70.0,-30%
梁耀铭,先生,58,,,金域医学,中国-广东-深圳,China-Guangdong,医学检测及病理诊断,901,-202,70.0,-30%
林海峰,先生,47,中国-浙江-宁波, ,东方日升,中国-浙江-宁波,China-Zhejiang,太阳能,901,296,70.0,17%
楼小强,先生,54,,硕士,康龙化成,中国-北京,China-Beijing,生物医药,901,-469,70.0,-58%
陆永华,先生,59,中国-江苏-南通, ,林洋电子,中国-江苏-南通,China-Jiangsu,电子式电能表,901,-276,70.0,-39%
罗康瑞,先生,74,中国-香港,,瑞安,中国-香港,China-Hong Kong,房地产,901,72,70.0,-7%
毛全林,先生,52,,,晶盛机电,中国-浙江-绍兴,China-Zhejiang,机电设备,901,143,70.0,0%
宋涛,先生,46,,,米哈游,中国-上海,China-Shanghai,游戏,901,New,70.0,New
苏如春,先生,54,,,华邦,中国-广东-广州,China-Guangdong,房地产、建筑、投资,901,New,70.0,New
王刚,先生,46,, ,满帮,中国-贵州-贵阳,China-Guizhou,物流,901,-37,70.0,-18%
王维东,先生,45,中国-甘肃-酒泉, ,赢合科技,中国-广东-深圳,China-Guangdong,自动化设备,901,72,70.0,-7%
吴崇仪,先生,63,中国-台湾,,至兴,中国-台湾-彰化,China-Taiwan,汽车零部件,901,143,70.0,0%
谢子龙,先生,56,中国-湖南-湘潭, ,老百姓,中国-湖南-长沙,China-Hunan,医药零售,901,143,70.0,0%
杨贰珠,先生,64,中国-广东-佛山, ,碧桂园,中国-广东-佛山,China-Guangdong,房地产,901,-202,70.0,-30%
杨受成,先生,78,中国-香港,,英皇,中国-香港,China-Hong Kong,房地产,901,8,70.0,-13%
杨钊,先生,75,中国-广东-惠州,本科,旭日企业,中国-香港,China-Hong Kong,服装、房地产,901,72,70.0,-7%
易贤忠,先生,63,中国-湖北,本科,百奥泰,中国-广东-广州,China-Guangdong,生物医药,901,-202,70.0,-30%
袁菁,先生,42,,,沐瞳科技,中国-上海,China-Shanghai,游戏,901,495,70.0,0%
张桂平,先生,71,中国-江苏-南京,本科,苏宁环球,中国-江苏-南京,China-Jiangsu,房地产、投资,901,-254,70.0,-36%
张利钿,先生,58,中国-广东-潮州, ,雅士利,中国-广东-潮州,China-Guangdong,乳业,901,188,70.0,1%
张天瑜,先生,55,,,广和通,中国-广东-深圳,China-Guangdong,通信设备,901,-99,70.0,-22%
章方良,先生,58,,,金斯瑞,中国-江苏-南京,China-Jiangsu,生物科技,901,-135,70.0,-26%
章训,先生,72,中国-浙江-金华,,复旦微电,中国-上海,China-Shanghai,芯片,901,1221,70.0,133%
赵彤彤,先生,未知,,,华住,中国-上海-闵行,China-Shanghai,连锁酒店,901,-37,70.0,-18%
钟怀军,先生,58,中国-四川-阿坝,,紫燕食品,中国-上海-闵行,China-Shanghai,食品,901,New,70.0,New
戴珊,先生,46,,本科,阿里系,中国-浙江-杭州,China-Zhejiang,电子商务、金融科技,947,-38,69.0,-14%
高万军,先生,59,中国-河北-邯郸,硕士,新金钢铁,中国-河北-邯郸,China-Hebei,钢铁,947,83,69.0,-7%
洪锋,先生,未知,,硕士,小米,中国-北京,China-Beijing,智能硬件与技术,947,-407,69.0,-49%
寿柏年,先生,60,中国-浙江-绍兴,本科,绿城服务,中国-浙江-杭州,China-Zhejiang,物业管理,947,26,69.0,-8%
谭瑞清,先生,56,中国-河南,本科,龙蟒佰利联,中国-河南-焦作,China-Henan,钛白粉,947,-365,69.0,-45%
吴泳铭,先生,47,,,阿里系,中国-浙江-杭州,China-Zhejiang,电子商务、金融科技,947,-38,69.0,-14%
张德生,先生,73,中国-浙江, ,万马电线电缆,中国-浙江-杭州,China-Zhejiang,电缆、房地产、医药,947,147,69.0,1%
陈洞,先生,48,,,光威复材,中国-山东-威海,China-Shandong,化工,954,343,68.0,24%
陈亮,先生,53,中国-山东,,光威复材,中国-山东-威海,China-Shandong,化工,954,343,68.0,24%
黄关林,先生,56,中国-浙江,本科,申洲针织,中国-浙江-宁波,China-Zhejiang,纺织、服装,954,-442,68.0,-51%
凌志敏,先生,61,,,昱能科技,中国-浙江-嘉兴,China-Zhejiang,光伏逆变器,954,New,68.0,New
邱建林,先生,59,中国-浙江,硕士,恒逸,中国-浙江-杭州,China-Zhejiang,化纤,954,19,68.0,-9%
邱祥娟,先生,未知,中国-浙江, ,恒逸,中国-浙江-杭州,China-Zhejiang,化纤,954,19,68.0,-9%
邱奕博,先生,35,中国-浙江, ,恒逸,中国-浙江-杭州,China-Zhejiang,化纤,954,19,68.0,-9%
王文才,先生,51,,,润丰股份,中国-山东-潍坊,China-Shandong,化工,954,947,68.0,94%
杨迎春,先生,58,中国-安徽-滁州,硕士,金禾实业,中国-安徽-滁州,China-Anhui,化工,954,19,68.0,-9%
张奕龄,先生,42,中国-内蒙古-鄂尔多斯,硕士,鄂尔多斯,中国-内蒙古-鄂尔多斯,China-Inner Mongolia,羊绒、煤电、冶金、房地产,954,1,68.0,-13%
赵魁,先生,62,,本科,鄂尔多斯,中国-内蒙古-鄂尔多斯,China-Inner Mongolia,羊绒、煤电、冶金、房地产,954,1,68.0,-13%
韩真发,先生,69,中国-吉林, ,正业,中国-吉林-长春,China-Jilin,地产、投资、农业,965,8,67.0,-11%
陶春风,先生,55,,,长鸿高科,中国-浙江-宁波,China-Zhejiang,高分子材料,965,158,67.0,3%
吴永华,先生,52,中国-福建, ,安踏,中国-福建-厦门,China-Fujian,体育用品,965,-318,67.0,-39%
谢识才,先生,61,中国-浙江-杭州,本科,博威合金,中国-浙江-宁波,China-Zhejiang,合金材料,965,290,67.0,16%
许达来,先生,51,新加坡,硕士,小米,中国-北京,China-Beijing,智能硬件与技术、投资,965,-266,67.0,-33%
张勇,先生,未知,,本科,阿里系,中国-浙江-杭州,China-Zhejiang,电子商务、金融科技,965,-56,67.0,-16%
赵玉乔,先生,未知,中国-河北-迁安,,九江,中国-河北-迁安,China-Heibei,钢铁、酒店,965,158,67.0,3%
戴彬,先生,31,中国-黑龙江,,中国地利,中国-黑龙江-哈尔滨,China-Heilongjiang,商业地产、农业,972,-347,66.0,-43%
李世聪,先生,63,,,龙岩,中国-台湾-新北,China-New Taipei,殡葬服务,972,225,66.0,10%
童文红,先生,52,, ,阿里系,中国-浙江-杭州,China-Zhejiang,电子商务、金融科技,972,1,66.0,-12%
吴昕阳,先生,未知,中国-台湾-台北,,新光三越,中国-台湾-台北,China-Taiwan,房地产,972,117,66.0,-4%
叶活动,先生,51,,,卓越新能,中国-福建-龙岩,China-Fujian,废油冶炼,972,539,66.0,40%
蔡荣军,先生,50,中国-广东-汕头,本科,欧菲光,中国-广东-深圳,China-Guangdong,光电子元器件,977,-4,65.0,-13%
陈慧慧,女士,63,中国-香港,,南丰,中国-香港,China-Hong Kong,房地产,977,146,65.0,0%
陈妙林,先生,70,中国-浙江-杭州, ,开元旅业,中国-浙江-杭州,China-Zhejiang,房地产,977,-4,65.0,-13%
陈清州,先生,57,中国-福建-泉州, ,海能达,中国-广东-深圳,China-Guangdong,专业无线通信设备,977,146,65.0,0%
邓耀升,先生,36,中国-香港,,升域,中国-香港,China-Hong Kong,房地产,977,67,65.0,-7%
董清波,先生,59,,,信义,中国-香港,China-Hong Kong,玻璃,977,-175,65.0,-28%
杜越新,先生,未知,, ,嘉德,中国-北京,China-Beijing,投资、拍卖,977,53,65.0,-12%
洪水树,先生,63,中国-台湾-台南,,可成科技,中国-台湾-台南,China-Taiwan,设备制造,977,209,65.0,5%
胡晓军,先生,61,,硕士,华夏航空,中国-贵州-贵阳,China-Guizhou,航空,977,146,65.0,0%
江黎明,先生,未知,中国-湖北-武汉,本科,利泰,中国-广东-佛山,China-Guangdong,汽车经销,977,220,65.0,8%
李建华,先生,69,中国-广东-梅州, ,威华,中国-广东-广州,China-Guangdong,地板,977,-4,65.0,-13%
李文美,先生,60,中国-吉林-长春,硕士,万孚生物,中国-广东-广州,China-Guangdong,快速诊断试剂,977,-4,65.0,-13%
李咏怡,女士,未知,, ,粤丰环保,中国-广东-东莞,China-Guangdong,环保,977,380,65.0,23%
李玉国,先生,63,中国-江苏-盐城, ,九台,中国-北京,China-Beijing,投资、房地产,977,125,65.0,-3%
李志远,先生,67,中国-广西-南宁,,金盘科技,中国-海南-海口,China-Hainan,变压器,977,549,65.0,41%
梁美珍,先生,48,,,捷佳伟创,中国-广东-深圳,China-Guangdong,半导体设备,977,-175,65.0,-28%
林集永,先生,52,中国-广东-惠阳,,慕思,中国-广东-东莞,China-Guangdong,床垫,977,725,65.0,63%
刘洪林,先生,71,中国-江苏-无锡, ,三木,中国-江苏-无锡,China-Jiangsu,化工、铜加工、电线电缆,977,422,65.0,30%
鲁楚平,先生,57,中国-湖北-孝感,本科,大洋电机,中国-广东-中山,China-Guangdong,工业电机,977,-4,65.0,-13%
欧亚平,先生,60,中国-湖南-长沙,本科,百仕达,中国-香港,China-Hong Kong,天然气、房地产,977,146,65.0,0%
邱达强,先生,60,中国-香港,,富地石油,中国-香港,China-Hong Kong,石油化工,977,-278,65.0,-35%
阙伟东,先生,54,,,确成股份,中国-江苏-无锡,China-Jiangsu,硅化工,977,220,65.0,8%
沈波,先生,59,, ,分布式资本,中国-上海-虹口,China-Shanghai,投资,977,-68,65.0,-19%
沈晋初,先生,49,中国-上海,,ESR,中国-香港,China-Hong Kong,物流,977,138,65.0,-2%
唐晔,先生,41,,硕士,柏楚电子,中国-上海-闵行,China-Shanghai,信息技术,977,-278,65.0,-35%
王炳坤,先生,50,中国-广东-东莞,,慕思,中国-广东-东莞,China-Guangdong,床垫,977,725,65.0,63%
王清华,先生,57,,,八方股份,中国-江苏-苏州,China-Jiangsu,电动车电机,977,-418,65.0,-50%
韦锦坤,先生,69,, ,泛微网络,中国-上海-闵行,China-Shanghai,计算机技术,977,-278,65.0,-35%
吴惠芳,先生,未知,中国-江苏-,,永钢,中国-江苏-苏州,China-Jiangsu,钢铁,977,880,65.0,81%
虞纪群,先生,60,,,甬金股份,中国-浙江-金华,China-Zhejiang,不锈钢,977,304,65.0,16%
袁江涛,先生,未知,,,嘉立创,中国-广东-深圳,China-Guangdong,半导体,977,New,65.0,New
张晖,先生,44,中国-江苏, ,满帮,中国-贵州-贵阳,China-Guizhou,运输,977,-614,65.0,-66%
张敬国,先生,59,,,正商,中国-河南-郑州,China-Henan,房地产、投资,977,-113,65.0,-24%
郑元豹,先生,64,中国-浙江-温州, ,人民电器,中国-浙江-温州,China-Zhejiang,工业电器、房地产、投资,977,146,65.0,0%
钟培峰,先生,59,,硕士,晶晨股份,中国-上海-浦东,China-Shanghai,电子,977,-211,65.0,-32%
周俊雄,先生,51,中国-广东-韶关,,利元亨,中国-广东-惠州,China-Guangdong,精密自动化设备,977,-68,65.0,-19%
周骏,先生,未知,,,景田,中国-广东-深圳,China-Guangdong,饮料,977,422,65.0,30%
周旭明,先生,49,,,科思股份,中国-江苏-南京,China-Jiangsu,化学品原料,977,1063,65.0,103%
周延,先生,57,,,艾美疫苗,中国-北京,China-Beijing,疫苗,977,New,65.0,New
祝恩福,先生,60,, ,凯美特气,中国-湖南-岳阳,China-Hunan,化工、液体二氧化氮,977,422,65.0,30%
庄奎龙,先生,60,, ,新凤鸣,中国-浙江-嘉兴,China-Zhejiang,化纤,977,-437,65.0,-52%
黄江吉,先生,未知,, ,小米,中国-北京,China-Beijing,智能硬件与技术,1018,-459,64.0,-51%
贾国龙,先生,55,中国-内蒙古-巴彦淖尔,本科,西贝,中国-北京,China-Beijing,餐饮,1018,14,64.0,-12%
黎万强,先生,45,中国-广东,本科,小米,中国-北京,China-Beijing,智能硬件与技术,1018,-459,64.0,-51%
廖杰远,先生,未知,,,微医,中国-浙江-杭州,China-Zhejiang,医疗服务,1018,1077,64.0,106%
刘载望,先生,50,中国-湖南-岳阳,本科,江河,中国-北京,China-Beijing,建筑幕墙,1018,179,64.0,7%
卢成,先生,未知,,,农夫山泉,中国-浙江-杭州,China-Zhejiang,饮料,1018,381,64.0,28%
卢晓芙,先生,未知,,,农夫山泉,中国-浙江-杭州,China-Zhejiang,饮料,1018,381,64.0,28%
卢晓苇,先生,未知,,,农夫山泉,中国-浙江-杭州,China-Zhejiang,饮料,1018,381,64.0,28%
夏曙东,先生,50,中国-湖北-黄冈,博士,千方科技,中国-北京,China-Beijing,智能交通,1018,-161,64.0,-26%
徐进,先生,57,, ,口子窖,中国-安徽-淮北,China-Anhui,白酒,1018,105,64.0,-2%
张新,先生,60,中国-甘肃-武威, ,特变电工,中国-新疆-昌吉,China-Xinjiang,电气机械和器材制造,1018,26,64.0,-9%
钟晓晓,先生,未知,,,农夫山泉,中国-浙江-杭州,China-Zhejiang,饮料,1018,381,64.0,28%
曹晓春,先生,53,,本科,泰格医药,中国-浙江-杭州,China-Zhejiang,医药,1030,-353,63.0,-40%
黄卫斌,先生,55,,,火星人,中国-浙江-嘉兴,China-Zhejiang,集成灶,1030,-228,63.0,-30%
孔维,先生,57,,,百克生物,中国-吉林-长春,China-Jilin,疫苗,1030,-331,63.0,-37%
楼柏良,先生,59,,博士,康龙化成,中国-北京,China-Beijing,生物医药,1030,-490,63.0,-53%
乔玉华,先生,56,中国-内蒙古-鄂尔多斯, ,双欣,中国-内蒙古-鄂尔多斯,China-Inner Mongolia,煤炭、热电、化工,1030,225,63.0,9%
苏增福,先生,82,中国-浙江-台州, ,苏泊尔,中国-浙江-杭州,China-Zhejiang,厨具、投资,1030,14,63.0,-10%
张国山,先生,63,中国-河北-三河,,同飞,中国-河北-三河,China-Hebei,电气设备,1030,937,63.0,85%
朱善玉,先生,58,中国-浙江, ,伟明环保,中国-浙江-温州,China-Zhejiang,垃圾发电,1030,316,63.0,17%
程先锋,先生,54,,硕士,亿帆鑫富,中国-浙江-杭州,China-Zhejiang,医药,1038,-236,62.0,-31%
卢竑岩,先生,45,, ,吉比特,中国-福建-厦门,China-Fujian,网络技术,1038,-236,62.0,-31%
宋薇,女士,54,中国-北京,,谱尼测试,中国-北京,China-Beijing,综合性检测机构,1038,64,62.0,-7%
王淑敏,先生,65,,,北摩高科,中国-北京,China-Beijing,航空装备制造,1038,-361,62.0,-41%
于晓宁,先生,55,,硕士,道恩,中国-山东-烟台,China-Shandong,高分子材料,1038,445,62.0,29%
袁金华,先生,63,,本科,三一,中国-北京,China-Beijing,重型机械,1038,236,62.0,9%
张恭运,先生,59,,本科,豪迈科技,中国-山东-潍坊,China-Shandong,机械制造,1038,64,62.0,-7%
周金辉,先生,未知,, ,中赫,中国-北京,China-Beijing,房地产、体育,1038,85,62.0,-5%
单建明,先生,62,中国-浙江-湖州,硕士,美欣达,中国-浙江-湖州,China-Zhejiang,纺织、房地产、投资,1046,151,61.0,2%
乔志涌,先生,58,中国-四川,,侨源股份,中国-四川-成都,China-Sichuan,液态气体,1046,New,61.0,New
王锦华,先生,59,中国-浙江,博士,金石资源,中国-浙江-杭州,China-Zhejiang,矿产,1046,77,61.0,-6%
文剑平,先生,60,中国-湖南,博士,碧水源,中国-北京,China-Beijing,污水处理,1046,43,61.0,-12%
Allan Warburg,先生,56,丹麦,,绫致时装,中国-北京,China-Beijing,服装零售,1050,-6,60.0,-14%
Dan Friis丹飞,先生,53,,,绫致时装,中国-北京,China-Beijing,服装零售,1050,-6,60.0,-14%
安旭,先生,59,,硕士,斯莱克,中国-江苏-苏州,China-Jiangsu,包装材料,1050,-284,60.0,-37%
蔡浩,先生,51,,,中信博,中国-江苏-苏州,China-Jiangsu,光伏支架,1050,-351,60.0,-40%
蔡志坚,先生,44,中国-香港,,尚乘数科,中国-香港,China-Hong Kong,金融投资,1050,New,60.0,New
陈生,先生,60,中国-广东-湛江,本科,天地壹号,中国-广东-江门,China-Guangdong,饮料,1050,147,60.0,0%
陈智胜,先生,49,,,药明生物,中国-江苏-苏州,China-Jiangsu,生物医药,1050,-445,60.0,-50%
程涌,先生,48,中国-湖南-沅江, ,奥士康,中国-广东-深圳,China-Guangdong,高密度印制电路板,1050,-351,60.0,-40%
崔维星,先生,52,中国-山东-潍坊,本科,德邦快递,中国-上海-青浦,China-Shanghai,快递,1050,652,60.0,50%
戴立忠,先生,54,中国-北京,,圣湘生物,中国-湖南-长沙,China-Hunan,医药制造业,1050,-193,60.0,-31%
丁建峰,先生,59,,,晨光新材,中国-江西-九江,China-Jiangxi,新材料,1050,349,60.0,20%
范秀莲,先生,59,中国-辽宁-沈阳,硕士,海思科,中国-西藏-山南,China-Tibet,医药,1050,224,60.0,5%
韩国龙,先生,67,中国-福建-福州, ,冠城大通,中国-福建-福州,China-Fujian,房地产、手表,1050,147,60.0,0%
韩宏伟,先生,57,,,贵酒、海银财富,中国-上海,China-Shanghai,白酒、金融,1050,-6,60.0,-14%
黄山,先生,52,中国-湖北-武汉,,财富趋势,中国-广东-深圳,China-Guangdong,金融软件,1050,-81,60.0,-21%
黄善兵,先生,66,, ,捷捷微电,中国-江苏-南通,China-Jiangsu,半导体器件,1050,-193,60.0,-31%
黄婉茹,先生,未知,, ,联泰,中国-广东-汕头,China-Guangdong,基础建设、房地产,1050,New,60.0,New
霍焱,先生,54,中国-北京,博士,卡普拉投资,英国-伦敦,London,对冲基金,1050,-6,60.0,-14%
江淦钧,先生,58,中国-广东-广州, ,索菲亚,中国-广东-广州,China-Guangdong,家具,1050,205,60.0,3%
蒋锦志,先生,未知,,本科,景林资产,中国-上海-浦东,China-Shanghai,投资,1050,-77,60.0,-20%
蒋伟,先生,未知,, ,昊海生物,中国-上海-松江,China-Shanghai,生物医药,1050,-538,60.0,-57%
李成辉,先生,53,中国-香港,,联合,中国-香港,China-Hong Kong,投资,1050,73,60.0,-8%
李俊田,先生,47,,,汇川技术,中国-广东-深圳,China-Guangdong,工业自动化产品,1050,39,60.0,-13%
李民,先生,51,,,海优新材,中国-上海,China-Shanghai,高分子薄膜,1050,-248,60.0,-33%
梁建坤,先生,61,,本科,寒锐钴业,中国-江苏-南京,China-Jiangsu,钴业,1050,-351,60.0,-40%
林中,先生,54,中国-福建, ,旭辉,中国-上海-闵行,China-Shanghai,房地产,1050,-491,60.0,-54%
刘宝林,先生,69,中国-湖北-孝感, ,九州通,中国-湖北-武汉,China-Hubei,医药流通,1050,44,60.0,-12%
刘国伟,先生,50,,,汇川技术,中国-广东-深圳,China-Guangdong,工业自动化产品,1050,-6,60.0,-14%
刘昊,先生,46,中国-江西-吉安,,奥海科技,中国-广东-东莞,China-Guangdong,充电器,1050,247,60.0,9%
刘建波,先生,43,中国-湖北-天门,,东威科技,中国-江苏-苏州,China-Jiangsu,工业设备,1050,753,60.0,58%
吕大龙,先生,未知,, ,韦尔股份,中国-上海-浦东,China-Shanghai,半导体,1050,-373,60.0,-43%
吕义雄,先生,45,中国-广东-汕头,,上美,中国-上海,China-Shanghai,化妆品,1050,-6,60.0,-14%
马成喜,先生,66,中国-浙江-温州, ,现代,中国-天津,China-Tianjin,房地产,1050,145,60.0,-2%
钱鹏鹤,先生,50,,硕士,移远通信,中国-上海-闵行,China-Shanghai,通信设备,1050,247,60.0,9%
施清岛,先生,57,,,台华新材,中国-浙江-嘉兴,China-Zhejiang,纺织材料,1050,-284,60.0,-37%
孙永根,先生,51,中国-浙江-绍兴, ,天圣控股,中国-浙江-绍兴,China-Zhejiang,化纤,1050,-77,60.0,-20%
汪群斌,先生,53,,本科,复星,中国-上海-黄浦,China-Shanghai,投资,1050,-351,60.0,-40%
王俊,先生,46,,本科,碳云、华大基因,中国-广东-深圳,China-Guangdong,医疗大数据、基因检测,1050,-77,60.0,-20%
王铭祥,先生,44,中国-江苏-南通,硕士,东华能源,中国-江苏-南京,China-Jiangsu,石油化工,1050,-351,60.0,-40%
杨龙忠,先生,56,中国-江西-上饶,本科,比亚迪,中国-广东-深圳,China-Guangdong,汽车、充电电池,1050,205,60.0,3%
姚其湧,先生,58,, ,宏兆,中国-广东-深圳,China-Guangdong,投资,1050,-6,60.0,-14%
尤金焕,先生,未知,,,华峰,中国-浙江-温州,China-Zhejiang,化工、铝业、投资,1050,-141,60.0,-25%
张镇潮,先生,55,,,税友股份,中国-浙江-杭州,China-Zhejiang,财税软件,1050,-186,60.0,-29%
甄荣辉,先生,60,中国-香港,本科,51job,中国-上海-静安,China-Shanghai,互联网服务,1050,52,60.0,-10%
郑志国,先生,51,,,奥翔药业,中国-浙江-台州,China-Zhejiang,医药,1050,574,60.0,40%
钟英武,先生,37,中国-湖南-岳阳,硕士,趣加科技,中国-北京,China-Beijing,游戏,1050,147,60.0,0%
周富裕,先生,47,中国-湖北-武汉, ,周黑鸭,中国-湖北-武汉,China-Hubei,食品,1050,-291,60.0,-38%
庄辰超,先生,46,中国-上海,本科,斑马投资,中国-北京,China-Beijing,投资,1050,136,60.0,-3%
邹伟民,先生,53,,,传艺科技,中国-江苏-扬州,China-Jiangsu,消费电子零部件,1050,New,60.0,New
曹德风,先生,77,,,佳格,中国-台湾-台北,China-Taiwan,食品,1099,-64,59.0,-18%
车冯升,先生,60,中国-山东,硕士,四环医药,中国-北京,China-Beijing,医药,1099,-297,59.0,-34%
陈海斌,先生,53,中国-浙江-湖州,本科,迪安诊断,中国-浙江-杭州,China-Zhejiang,医疗服务、医疗器械,1099,198,59.0,7%
彭翼捷,先生,43,,,阿里系,中国-浙江-杭州,China-Zhejiang,电子商务、金融科技,1099,-55,59.0,-16%
涂建华,先生,53,,本科,广联达,中国-北京,China-Beijing,软件与信息服务,1099,16,59.0,-11%
王坚,先生,60,,本科,阿里系,中国-浙江-杭州,China-Zhejiang,电子商务、金融科技,1099,98,59.0,-2%
徐子泉,先生,64,,本科,捷成,中国-北京,China-Beijing,软件与信息服务,1099,182,59.0,5%
叶标,先生,52,,,浙富控股,中国-浙江-杭州,China-Zhejiang,清洁能源装备,1099,-333,59.0,-38%
周明华,先生,58,中国-浙江,硕士,华海药业,中国-浙江-台州,China-Zhejiang,医药,1099,274,59.0,13%
丹宏,先生,未知,, ,五得利,中国-河北-邯郸,China-Hebei,面粉,1108,291,58.0,16%
李义升,先生,51,,,金辰股份,中国-辽宁-营口,China-Liaoning,智能装备,1108,-306,58.0,-36%
罗宇浩,先生,49,,,昱能科技,中国-浙江-嘉兴,China-Zhejiang,光伏逆变器,1108,New,58.0,New
姚毅,先生,57,中国-陕西-西安,,凌云光,中国-北京,China-Beijing,消费电子,1108,New,58.0,New
耿殿根,先生,66,,硕士,光环新网,中国-北京,China-Beijing,电信运营,1112,-158,57.0,-28%
韩汇如,先生,46,中国-山东-青岛,本科,东方铁塔,中国-山东-青岛,China-Shandong,钢结构产品,1112,61,57.0,-11%
吉英存,先生,57,中国-北京,,经纬恒润,中国-北京,China-Beijing,汽车电子产品,1112,New,57.0,New
李琼,先生,45,,硕士,昆仑万维,中国-北京,China-Beijing,互联网游戏、投资,1112,-68,57.0,-19%
林志雄,先生,49,中国-福建,本科,大博医疗,中国-福建-厦门,China-Fujian,医疗器械,1112,-346,57.0,-40%
孙俊良,先生,59,,,陕西恒源,中国-陕西-榆林,China-Shaanxi,煤炭,1112,-203,57.0,-29%
王坤晓,先生,53,中国-山东,本科,杰瑞石油,中国-山东-烟台,China-Shandong,石油专用设备,1112,-10,57.0,-15%
王跃旦,先生,69,,,富佳实业,中国-浙江-宁波,China-Zhejiang,家用电器,1112,New,57.0,New
杨元庆,先生,58,中国-安徽-合肥,硕士,联想,中国-北京,China-Beijing,计算机服务、投资,1112,-77,57.0,-21%
张果喜,先生,70,中国-江西-鹰潭, ,果喜,中国-江西-鹰潭,China-Jiangxi,玉矿、木雕、地产,1112,185,57.0,4%
周儒欣,先生,59,中国-北京,硕士,北斗星通,中国-北京,China-Beijing,卫星导航设备,1112,-80,57.0,-22%
郭春萱,先生,76,,,瑞丰新材,中国-河南-新乡,China-Henan,化工,1123,403,56.0,22%
王帅,先生,47,,,阿里系,中国-浙江-杭州,China-Zhejiang,电子商务、金融科技,1123,0,56.0,-14%
张朝阳,先生,58,中国-陕西-西安,博士,搜狐,中国-北京,China-Beijing,门户网站、娱乐,1123,158,56.0,0%
郑勇军,先生,51,,,广立微,中国-浙江-杭州,China-Zhejiang,半导体,1123,New,56.0,New
陈礼明,先生,未知,中国-广东-东莞, ,昌明,中国-广东-东莞,China-Guangdong,酒店管理,1127,70,55.0,-8%
陈润光,先生,69,中国-广东-东莞,本科,光大地产,中国-广东-东莞,China-Guangdong,房地产,1127,-4,55.0,-15%
董增平,先生,52,,,思源电气,中国-上海-闵行,China-Shanghai,输配电设备,1127,170,55.0,0%
范敏华,先生,61,,硕士,普利制药,中国-海南-海口,China-Hainan,医药,1127,-263,55.0,-35%
顾轶,先生,54,,,奕瑞科技,中国-上海,China-Shanghai,X线探测仪,1127,699,55.0,49%
韩敬远,先生,66,,,津西,中国-北京,China-Beijing,钢铁、房地产,1127,170,55.0,0%
何伯权,先生,62,中国-广东-广州, ,今日投资,中国-广东-深圳,China-Guangdong,投资,1127,46,55.0,-14%
胡晓明,先生,52,,,阿里系,中国-浙江-杭州,China-Zhejiang,电子商务、金融科技,1127,-4,55.0,-15%
胡新荣,先生,50,中国-广东-韶关,,新益昌,中国-广东-深圳,China-Guangdong,电气设备,1127,272,55.0,10%
黄健,先生,55,中国-湖南-岳阳, ,美的,中国-广东-佛山,China-Guangdong,家电制造,1127,-4,55.0,-15%
黄伟常,先生,71,中国-香港,,六福,中国-香港,China-Hong Kong,零售,1127,417,55.0,22%
黄旭,先生,55,,,瑞芯微,中国-福建-福州,China-Fujian,集成电路,1127,-325,55.0,-39%
黄正聪,先生,55,,本科,视源,中国-广东-广州,China-Guangdong,消费电子,1127,-25,55.0,-18%
金亮,先生,45,,,天顺风能,中国-江苏-苏州,China-Shanghai,风电设备,1127,New,55.0,New
李朝旺,先生,64,中国-广东-江门,硕士,维达国际,中国-香港,China-Hong Kong,卫生用品,1127,-85,55.0,-23%
李红京,先生,54,,,道通科技,中国-广东-深圳,China-Guangdong,汽车智能诊断设备,1127,-615,55.0,-61%
李建国,先生,58,,本科,润建股份,中国-广西-南宁,China-Guangxi,通信技术服务商,1127,384,55.0,17%
李胥兵,先生,未知,中国-浙江-台州, ,吉利,中国-浙江-杭州,China-Zhejiang,汽车制造,1127,-428,55.0,-45%
林启彬,先生,69,中国-台湾,,英利汽车,中国-吉林-长春,China-Jilin,汽车零配件,1127,-154,55.0,-27%
刘国本,先生,78,中国-湖北-襄阳, ,骆驼股份,中国-湖北-襄阳,China-Hubei,蓄电池,1127,-83,55.0,-21%
刘海燕,先生,未知,中国-四川, ,大陆希望,中国-四川-成都,China-Sichuan,机械电气、能源化工、房地产,1127,230,55.0,4%
刘冀鲁,先生,75,中国-安徽, ,顺丰,中国-广东-深圳,China-Guangdong,快递,1127,-218,55.0,-31%
刘江,先生,54,中国-贵州, ,贵州燃气,中国-贵州-贵阳,China-Guizhou,城市燃气,1127,-154,55.0,-27%
刘迎新,先生,52,,,汇川技术,中国-广东-深圳,China-Guangdong,工业自动化产品,1127,70,55.0,-8%
刘远炳,先生,56,中国-广东-广州, ,美林基业,中国-广东-广州,China-Guangdong,房地产,1127,70,55.0,-8%
吕中楼,先生,57,中国-山西-晋城,博士,沁和能源,中国-山西-晋城,China-Shanxi,煤炭,1127,170,55.0,0%
马斌,先生,52,, ,神马,中国-江苏-南通,China-Shanghai,电气机械和器材,1127,-154,55.0,-27%
孟庆南,先生,64,中国-湖北,硕士,武汉凡谷,中国-湖北-武汉,China-Hubei,通信设备元件,1127,128,55.0,-5%
莫浩棠,先生,55,中国-广东-东莞, ,三正,中国-广东-东莞,China-Guangdong,房地产、投资,1127,70,55.0,-8%
乔鲁予,先生,67,中国-山东-菏泽, ,劲嘉,中国-广东-深圳,China-Guangdong,包装及印刷,1127,46,55.0,-14%
邱文生,先生,未知,,,华勤技术,中国-上海-浦东,China-Shanghai,手机设计,1127,170,55.0,0%
饶军,先生,未知,,,Confluent,美国,USA,软件服务,1127,New,55.0,New
饶微,先生,58,,,新产业,中国-广东-深圳,China-Guangdong,医疗器械,1127,-4,55.0,-15%
佘英杰,先生,65,,,新豪国际,中国-香港,China-Hong Kong,电子设备制造,1127,356,55.0,15%
石平湘,先生,74,,,华特气体,中国-广东-佛山,China-Guangdong,工业气体,1127,560,55.0,34%
束小龙,先生,34,中国-安徽-合肥,,老乡鸡,中国-安徽-合肥,China-Anhui,餐饮,1127,-218,55.0,-31%
孙永辉,先生,51,中国-辽宁-葫芦岛, ,视源,中国-广东-广州,China-Guangdong,消费电子,1127,-12,55.0,-17%
屠永军,先生,59,中国-浙江, ,天宇药业,中国-浙江-台州,China-Zhejiang,医药,1127,-480,55.0,-50%
万柏方,先生,54,,,图南股份,中国-江苏-镇江,China-Jiangsu,合金材料,1127,575,55.0,38%
王强翔,先生,51,中国-江苏-淮安,,共创草坪,中国-江苏-淮安,China-Jiangsu,人造草坪,1127,-172,55.0,-29%
王毅然,先生,42,中国-陕西-咸阳, ,视源,中国-广东-广州,China-Guangdong,消费电子,1127,-12,55.0,-17%
吴礼淦,先生,81,中国-台湾,,沪电股份,中国-上海,China-Shanghai,印制电路板,1127,-4,55.0,-15%
伍超群,先生,53,中国-四川-眉山,硕士,千禾味业,中国-四川-眉山,China-Sichuan,食品,1127,59,55.0,-11%
肖铿,先生,50,中国-湖北-武汉, ,可立克,中国-广东-深圳,China-Guangdong,变压器电子元件,1127,417,55.0,22%
谢秉正,先生,53,中国-浙江-温州, ,比音勒芬,中国-广东-广州,China-Guangdong,服装,1127,-92,55.0,-24%
谢剑辉,先生,未知,,,富兴,中国-湖南-长沙,China-Hunan,房地产、汽车销售、投资,1127,246,55.0,6%
谢可滔,先生,58,,硕士,中教,中国-香港,China-Hong Kong,教育,1127,-328,55.0,-40%
徐小平,先生,66,中国-江苏-扬州,硕士,真格,中国-北京,China-Beijing,投资,1127,-12,55.0,-17%
于果,先生,60,,硕士,中教,中国-香港,China-Hong Kong,教育,1127,-328,55.0,-40%
余惠勇,先生,54,中国-江西-上饶,,百果园,中国-广东-深圳,China-Guangdong,水果零售,1127,995,55.0,83%
袁帅,先生,35,,,莉莉丝,中国-上海,China-Shanghai,游戏,1127,New,55.0,New
张佛恩,先生,70,中国-广东-东莞, ,龙泉,中国-广东-东莞,China-Guangdong,房地产,1127,70,55.0,-8%
张国良,先生,66,中国-湖北-黄冈,,中复神鹰,中国-江苏-连云港,China-Lianyungang,碳纤维,1127,New,55.0,New
张昊,先生,35,,,莉莉丝,中国-上海,China-Shanghai,游戏,1127,New,55.0,New
张积敏,先生,59,,,青山控股,中国-浙江-温州,China-Zhejiang,不锈钢,1127,872,55.0,67%
张学武,先生,48,,,盐津铺子,中国-湖南-长沙,China-Hunan,食品制造,1127,774,55.0,57%
赵林,先生,42,,,奈雪的茶,中国-广东-深圳,China-Guangdong,食品饮料,1127,-480,55.0,-50%
赵满堂,先生,62,中国-甘肃-天水, ,盛达,中国-甘肃-兰州,China-Gansu,矿业、酒店,1127,170,55.0,0%
邹锡昌,先生,58,中国-广东-梅州, ,昌盛,中国-广东-广州,China-Guangdong,房地产,1127,70,55.0,-8%
左晶,先生,57,,,绿的谐波,中国-江苏-苏州,China-Jiangsu,机器人零部件,1127,575,55.0,38%
左昱昱,先生,52,,,绿的谐波,中国-江苏-苏州,China-Jiangsu,机器人零部件,1127,575,55.0,38%
陈茂春,先生,70,中国-福建-宁德, ,兴华财富,中国-河北-邯郸,China-Hebei,钢铁,1188,278,54.0,10%
林志军,先生,47,中国-福建, ,大博医疗,中国-福建-厦门,China-Fujian,医疗器械,1188,-386,54.0,-40%
秦庆平,先生,59,,本科,金能科技,中国-山东-德州,China-Shandong,煤化工,1188,-489,54.0,-46%
任元林,先生,69,中国-江苏-无锡, ,扬子江船业,中国-江苏-无锡,China-Jiangsu,造船,1188,-144,54.0,-23%
方隽云,先生,58,, ,洁美科技,中国-浙江-湖州,China-Zhejiang,电子元器件,1192,-69,53.0,-18%
傅梅城,先生,65,中国-浙江-杭州, ,华策影视,中国-浙江-杭州,China-Zhejiang,影视传媒,1192,5,53.0,-12%
葛尧伦,先生,61,,硕士,海利尔,中国-山东-青岛,China-Shandong,农药,1192,291,53.0,10%
胡季强,先生,61,中国-浙江,本科,康恩贝,中国-浙江-杭州,China-Zhejiang,医药,1192,154,53.0,-2%
李仙华,先生,48,中国-浙江-台州,,晶科能源,中国-江西-上饶,China-Jiangxi,太阳能,1192,New,53.0,New
肖争强,先生,51,,,新强联,中国-河南-洛阳,China-Henan,电子设备制造,1192,432,53.0,23%
张勤,女士,52,,,圣邦,中国-北京,China-Beijing,模拟芯片,1192,-219,53.0,-29%
周逵,先生,54,,本科,红杉,中国-北京,China-Beijing,投资,1192,-6,53.0,-15%
周文起,先生,未知,, ,华北,中国-天津,China-Tianjin,铜业、房地产,1192,165,53.0,0%
周云杰,先生,61,, ,奥瑞金,中国-北京,China-Beijing,包装,1192,-19,53.0,-17%
侯永旺,先生,58,中国-内蒙古, ,鄂尔多斯,中国-内蒙古-鄂尔多斯,China-Inner Mongolia,羊绒、煤电、冶金、房地产,1202,47,52.0,-12%
金建杭,先生,53,,本科,阿里系,中国-浙江-杭州,China-Zhejiang,电子商务、金融科技,1202,144,52.0,-4%
楼国强,先生,65,中国-浙江-宁波,博士,金田投资,中国-浙江-宁波,China-Zhejiang,铜加工、贸易,1202,-158,52.0,-26%
牟金香,先生,68,中国-浙江, ,联化科技,中国-浙江-台州,China-Zhejiang,化工,1202,-5,52.0,-13%
倪信才,先生,未知,中国-浙江, ,荣盛控股,中国-浙江-杭州,China-Zhejiang,化纤,1202,-229,52.0,-31%
吴俊保,先生,56,,硕士,中国东方教育,中国-安徽-合肥,China-Anhui,教育,1202,-436,52.0,-45%
熊晓鸽,先生,67,中国-湖南-湘潭,博士,IDG资本,中国-北京,China-Beijing,投资,1202,-29,52.0,-19%
周亚辉,先生,45,中国-云南-丽江,硕士,昆仑万维,中国-北京,China-Beijing,互联网游戏、投资,1202,-87,52.0,-21%
左宗申,先生,69,中国-重庆, ,宗申,中国-重庆,China-Chongqing,摩托车、房地产,1202,-158,52.0,-26%
曹积生,先生,62,中国-山东-烟台,硕士,益生股份,中国-山东-烟台,China-Shandong,养殖、饲料,1211,86,51.0,-7%
樊路远,先生,49,,,阿里系,中国-浙江-杭州,China-Zhejiang,电子商务、金融科技,1211,70,51.0,-9%
李军,先生,58,中国-湖南-怀化,博士,利亚德,中国-北京,China-Beijing,LED,1211,-246,51.0,-34%
武卫,先生,55,中国-浙江-杭州, ,阿里系,中国-浙江-杭州,China-Zhejiang,电子商务、金融科技,1211,162,51.0,-2%
肖高强,先生,49,,,新强联,中国-河南-洛阳,China-Henan,电子设备制造,1211,476,51.0,24%
阎焱,先生,65,中国-安徽-安庆,博士,赛富,中国-北京,China-Beijing,投资,1211,-14,51.0,-15%
尹洪涛,先生,58,中国-辽宁,,信德新材,中国-辽宁-辽阳,China-Liaoning,新材料,1211,New,51.0,New
俞思瑛,先生,47,,,阿里系,中国-浙江-杭州,China-Zhejiang,电子商务、金融科技,1211,135,51.0,-6%
赵磊,先生,40,中国-浙江,,五洲特纸,中国-浙江-衢州,China-Zhejiang,特种纸,1211,-25,51.0,-18%
郑树生,先生,56,中国-浙江-衢州,博士,迪普科技,中国-浙江-杭州,China-Zhejiang,软件开发,1211,-512,51.0,-49%
Chen Jingye,先生,41,,,冬海集团,新加坡,Singapore,网络游戏、电商,1221,-900,50.0,-76%
毕心德,先生,68,,,山东赫达,中国-山东-淄博,China-Shandong,新材料,1221,34,50.0,-14%
曹世如,先生,70,中国-四川-成都, ,红旗连锁,中国-四川-成都,China-Sichuan,零售连锁,1221,305,50.0,9%
曹曙,先生,未知,,本科,三六零安全科技,中国-北京,China-Beijing,网络信息服务,1221,178,50.0,0%
曾伟雄,先生,54,中国-湖北-武汉,,兰卫医学,中国-上海,China-Shanghai,医疗诊断,1221,178,50.0,0%
陈成辉,先生,62,中国-福建-漳州,,科华伟业,中国-福建-厦门,China-Fujian,电力电子技术,1221,245,50.0,2%
陈伟林,先生,未知,,,特变电工,中国-新疆-昌吉,China-Xinjiang,电气机械和器材制造,1221,178,50.0,0%
陈小英,先生,46,中国-浙江-杭州, ,申通快递,中国-上海-青浦,China-Shanghai,物流,1221,76,50.0,-9%
陈晓红,先生,54,,硕士,广联达,中国-北京,China-Beijing,软件与信息服务,1221,76,50.0,-9%
陈义红,先生,64,中国-山东-济南,硕士,中国动向,中国-北京,China-Beijing,服装,1221,28,50.0,-15%
陈卓南,先生,59,中国-广东-中山, ,雅居乐,中国-广东-广州,China-Guangdong,房地产,1221,-24,50.0,-17%
陈卓喜,先生,64,中国-广东-中山, ,雅居乐,中国-广东-广州,China-Guangdong,房地产,1221,-24,50.0,-17%
陈卓雄,先生,65,中国-广东-中山, ,雅居乐,中国-广东-广州,China-Guangdong,房地产,1221,28,50.0,-15%
程维,先生,39,中国-江西-上饶,本科,滴滴出行,中国-北京,China-Beijing,生活服务平台,1221,-639,50.0,-60%
代田田,先生,39,,硕士,柏楚电子,中国-上海-闵行,China-Shanghai,激光切割控制系统,1221,-312,50.0,-38%
戴震,先生,44,中国-吉林-白城,,能链,中国-山东-青岛,China-Shandong,充电服务,1221,New,50.0,New
单一刚,先生,49,,,贝壳,中国-北京,China-Beijing,房地产服务,1221,New,50.0,New
丁会,先生,未知,,,嘉立创,中国-广东-深圳,China-Guangdong,半导体,1221,New,50.0,New
丁会响,先生,未知,,,嘉立创,中国-广东-深圳,China-Guangdong,半导体,1221,New,50.0,New
冬瑞芹,先生,60,中国-河北-唐山, ,瑞丰钢铁,中国-河北-唐山,China-Hebei,钢铁,1221,245,50.0,2%
何金碧,先生,未知,中国-陕西-西安, ,迈科,中国-陕西-西安,China-Shaanxi,有色金属贸易、投资,1221,290,50.0,6%
何思模,先生,57,中国-江苏-扬州,硕士,易事特,中国-广东-东莞,China-Guangdong,电源装备,1221,-312,50.0,-38%
何新明,先生,67,中国-广东-汕头,,东鹏,中国-广东-佛山,China-Guangdong,建筑陶瓷,1221,-248,50.0,-33%
胡鹍辉,先生,31,中国-广东-深圳,,亚辉龙,中国-广东-深圳,China-Guangdong,生物科技,1221,34,50.0,-14%
胡一平,先生,56,中国-浙江-湖州,本科,德信地产,中国-浙江-杭州,China-Zhejiang,房地产,1221,-24,50.0,-17%
黄崇胜,先生,65,,,怡球资源,中国-江苏-苏州,China-Jiangsu,铝合金锭,1221,-177,50.0,-29%
黄向墨,先生,53,中国-广东,硕士,玉湖,中国-广东-深圳,China-Guangdong,房地产、投资,1221,262,50.0,4%
黄振达,先生,75,中国-广东-汕头, ,联泰,中国-广东-汕头,China-Guangdong,基础建设、房地产,1221,New,50.0,New
柯炳华,先生,53,,,科博达,中国-上海-浦东,China-Shanghai,汽车电子产品,1221,178,50.0,0%
柯磊,先生,37,,,科博达,中国-上海-浦东,China-Shanghai,汽车电子产品,1221,262,50.0,4%
李东飞,先生,61,中国-广东-珠海, ,纳思达,中国-广东-珠海,China-Guangdong,打印设备,1221,819,50.0,56%
李文斌,先生,41,中国-香港,,理文造纸,中国-香港,China-Hong Kong,浆纸,1221,-455,50.0,-47%
李文俊,先生,51,中国-香港,,理文造纸,中国-香港,China-Hong Kong,浆纸,1221,-455,50.0,-47%
李学凌,先生,49,, ,欢聚时代,中国-广东-深圳,China-Guangdong,游戏、语音软件,1221,-248,50.0,-33%
李云春,先生,60,中国-云南-昆明,本科,沃森,中国-云南-昆明,China-Yunnan,生物制药,1221,76,50.0,-9%
李振江,先生,65,中国-河北-石家庄, ,神威,中国-河北-石家庄,China-Hebei,医药,1221,-24,50.0,-17%
廖忻愉,先生,未知,,,海天味业,中国-广东-佛山,China-Guangdong,调味品,1221,New,50.0,New
凌世生,先生,50,,,安旭生物,中国-浙江-杭州,China-Zhejiang,生物医药,1221,New,50.0,New
刘保起,先生,61,,,罗欣药业,中国-山东-临沂,China-Shandong,医药制造业,1221,-98,50.0,-23%
刘若鹏,先生,39,中国-广东-深圳,博士,光启,中国-广东-深圳,China-Guangdong,超材料,1221,-177,50.0,-29%
刘贞峰,先生,61,, ,杰瑞石油,中国-山东-烟台,China-Shandong,石油专用设备,1221,60,50.0,-11%
罗肇华,先生,56,,,郑和资本,中国-香港,China-Hong Kong,投资,1221,-127,50.0,-26%
马瑞敏,先生,57,, ,地素时尚,中国-上海-普陀,China-Shanghai,服装,1221,-312,50.0,-38%
潘斐莲,先生,未知,,,中国中免,中国-北京,China-Beijing,旅游服务,1221,76,50.0,-9%
彭浩,先生,55,中国-陕西-咸阳,硕士,信维通信,中国-广东-深圳,China-Guangdong,通信部件,1221,-98,50.0,-23%
彭建华,先生,71,中国-香港,本科,加煌国际,中国-北京,China-Beijing,教育,1221,-312,50.0,-38%
浦益龙,先生,61,,,隆达,中国-江苏-南京,China-Jiangsu,高温合金,1221,New,50.0,New
邱达昌,先生,68,中国-香港,,远东发展,中国-香港,China-Hong Kong,房地产,1221,178,50.0,0%
阮鸿献,先生,56,中国-云南-红河,硕士,一心堂药业,中国-云南-昆明,China-Yunnan,医药,1221,34,50.0,-14%
邵恒,先生,37,, ,世纪华通,中国-浙江-绍兴,China-Zhejiang,游戏,1221,-24,50.0,-17%
施崇棠,先生,70,中国-台湾-彰化,,华硕,中国-台湾-台北,China-Taipei,电脑产品,1221,152,50.0,-4%
孙荫环,先生,72,中国-辽宁, ,亿达,中国-辽宁-大连,China-Liaoning,房地产、软件园,1221,290,50.0,6%
覃九三,先生,55,,,新宙邦,中国-广东-深圳,China-Guangdong,电子化学品,1221,-463,50.0,-49%
唐柱学,先生,47,,,汇川技术,中国-广东-深圳,China-Guangdong,工业自动化产品,1221,34,50.0,-14%
汪力成,先生,62,中国-浙江-杭州,本科,华立,中国-浙江-杭州,China-Zhejiang,医药、投资,1221,245,50.0,2%
王春生,先生,47,,本科,安洁科技,中国-江苏-苏州,China-Jiangsu,绝缘材料,1221,178,50.0,0%
王佶,先生,51,,本科,世纪华通,中国-浙江-绍兴,China-Zhejiang,游戏,1221,-312,50.0,-38%
王军,先生,57,中国-山东-东营,本科,英杰电气,中国-四川-德阳,China-Sichuan,电源设备,1221,1177,50.0,100%
王念强,先生,58,中国-安徽-铜陵,,比亚迪,中国-广东-深圳,China-Guangdong,汽车、充电电池,1221,178,50.0,0%
王硕,先生,32,中国-北京,,Deel,美国-旧金山,USA,企业服务,1221,New,50.0,New
王云富,先生,60,中国-浙江, ,东港工贸,中国-浙江-台州,China-Zhejiang,医药、化工,1221,76,50.0,-9%
王张兴,先生,55,中国-浙江-绍兴, ,城市地产,中国-上海-浦东,China-Shanghai,房地产、投资,1221,178,50.0,0%
王振东,先生,46,中国-山西-晋中, ,中公教育,中国-北京,China-Beijing,教育,1221,-639,50.0,-60%
吴亦圭,先生,70,中国-台湾,,台聚,中国-台湾-台北,China-Taipei,化工,1221,-312,50.0,-38%
吴振兴,先生,53,,,海天味业,中国-广东-佛山,China-Guangdong,调味品,1221,-98,50.0,-23%
项兴富,先生,59,中国-浙江,硕士,兴惠化纤,中国-浙江-杭州,China-Zhejiang,化纤,1221,152,50.0,-4%
徐明星,先生,37,,本科,欧科云链,中国-北京,China-Beijing,区块链,1221,-419,50.0,-44%
杨才学,先生,58,中国-湖北-荆门, ,新洋丰,中国-湖北-荆门,China-Hubei,肥料、化学产品,1221,-266,50.0,-36%
杨明超,先生,50,,,锅圈食汇,中国-上海,China-Shanghai,食材超市,1221,New,50.0,New
叶华能,先生,71,中国-广东-梅州, ,宝丽华,中国-广东-广州,China-Guangdong,新能源,1221,76,50.0,-9%
银鑫,先生,37,,,快手科技,中国-北京,China-Beijing,传媒娱乐,1221,-98,50.0,-23%
尤小华,先生,未知,,,华峰,中国-浙江-温州,China-Zhejiang,化工、铝业、投资,1221,-455,50.0,-47%
袁金钰,先生,66,,本科,顺络电子,中国-广东-深圳,China-Guangdong,新型电子元件,1221,76,50.0,-9%
张红,先生,56,中国-辽宁-葫芦岛,,怡合达,中国-广东-东莞,China-Guangdong,自动化设备,1221,-48,50.0,-22%
张顼,先生,51,,,高测股份,中国-山东-青岛,China-Shandong,机械设备,1221,1337,50.0,117%
张耀垣,先生,77,, ,碧桂园,中国-广东-佛山,China-Guangdong,房地产,1221,-248,50.0,-33%
郑伟鹤,先生,未知,中国-安徽-芜湖, ,同创伟业,中国-广东-深圳,China-Guangdong,投资,1221,178,50.0,0%
钟志平,先生,69,中国-澳门,,创科实业,中国-香港,China-Hong Kong,消费品,1221,-616,50.0,-58%
周福贵,先生,60,,硕士,三一,中国-北京,China-Beijing,重型机械,1221,403,50.0,16%
周华松,先生,56,,,松霖科技,中国-福建-厦门,China-Fujian,淋浴设备,1221,-35,50.0,-19%
周继伟,先生,60,,硕士,亿联网络,中国-福建-厦门,China-Fujian,通信,1221,34,50.0,-14%
周俊杰,先生,44,,,利元亨,中国-广东-惠州,China-Guangdong,精密自动化设备,1221,-24,50.0,-17%
周英怀,先生,58,,,英杰电气,中国-四川-德阳,China-Sichuan,电源设备,1221,1177,50.0,100%
朱海,先生,49,中国-湖南-邵阳,,易瑞生物,中国-广东-深圳,China-Guangdong,生物检测试剂,1221,-266,50.0,-36%
宗坚,先生,51,中国-江苏-盐城,,菲沃泰,中国-江苏-无锡,China-Jiangsu,纳米材料,1221,New,50.0,New
